2025-12-28T17:05:40.092+01:00  INFO 14440 --- [user-service] [restartedMain] com.luispiquinrey.user.UserApplication   : Starting UserApplication using Java 21.0.7 with PID 14440 (C:\Users\WIN\Desktop\Saga-knot\parent\user\target\classes started by WIN in C:\Users\WIN\Desktop\Saga-knot)
2025-12-28T17:05:40.094+01:00  INFO 14440 --- [user-service] [restartedMain] com.luispiquinrey.user.UserApplication   : No active profile set, falling back to 1 default profile: "default"
2025-12-28T17:05:40.157+01:00  INFO 14440 --- [user-service] [restartedMain] o.s.c.c.c.ConfigServerConfigDataLoader   : Fetching config from server at : http://localhost:8090/
2025-12-28T17:05:40.158+01:00  INFO 14440 --- [user-service] [restartedMain] o.s.c.c.c.ConfigServerConfigDataLoader   : Located environment: name=user, profiles=[default], label=null, version=null, state=null
2025-12-28T17:05:40.159+01:00  INFO 14440 --- [user-service] [restartedMain] o.s.c.c.c.ConfigServerConfigDataLoader   : Fetching config from server at : http://localhost:8090/
2025-12-28T17:05:40.159+01:00  INFO 14440 --- [user-service] [restartedMain] o.s.c.c.c.ConfigServerConfigDataLoader   : Located environment: name=user-service, profiles=[default], label=null, version=null, state=null
2025-12-28T17:05:40.162+01:00  INFO 14440 --- [user-service] [restartedMain] .e.DevToolsPropertyDefaultsPostProcessor : Devtools property defaults active! Set 'spring.devtools.add-properties' to 'false' to disable
2025-12-28T17:05:40.163+01:00  INFO 14440 --- [user-service] [restartedMain] .e.DevToolsPropertyDefaultsPostProcessor : For additional web related logging consider setting the 'logging.level.web' property to 'DEBUG'
2025-12-28T17:05:40.402+01:00  WARN 14440 --- [user-service] [restartedMain] o.s.c.annotation.AnnotationTypeMapping   : Support for convention-based annotation attribute overrides is deprecated and will be removed in Spring Framework 7.0. Please annotate the following attributes in @org.axonframework.spring.stereotype.Aggregate with appropriate @AliasFor declarations: [type]
2025-12-28T17:05:40.408+01:00  WARN 14440 --- [user-service] [restartedMain] o.s.c.annotation.AnnotationTypeMapping   : Support for convention-based annotation attribute overrides is deprecated and will be removed in Spring Framework 7.0. Please annotate the following attributes in @org.axonframework.commandhandling.CommandHandler with appropriate @AliasFor declarations: [payloadType]
2025-12-28T17:05:40.411+01:00  WARN 14440 --- [user-service] [restartedMain] o.s.c.annotation.AnnotationTypeMapping   : Support for convention-based annotation attribute overrides is deprecated and will be removed in Spring Framework 7.0. Please annotate the following attributes in @org.axonframework.eventsourcing.EventSourcingHandler with appropriate @AliasFor declarations: [payloadType]
2025-12-28T17:05:40.412+01:00  WARN 14440 --- [user-service] [restartedMain] o.s.c.annotation.AnnotationTypeMapping   : Support for convention-based annotation attribute overrides is deprecated and will be removed in Spring Framework 7.0. Please annotate the following attributes in @org.axonframework.eventsourcing.EventSourcingHandler with appropriate @AliasFor declarations: [payloadType]
2025-12-28T17:05:40.464+01:00  WARN 14440 --- [user-service] [restartedMain] o.s.c.annotation.AnnotationTypeMapping   : Support for convention-based annotation attribute overrides is deprecated and will be removed in Spring Framework 7.0. Please annotate the following attributes in @org.axonframework.eventhandling.EventHandler with appropriate @AliasFor declarations: [payloadType]
2025-12-28T17:05:41.396+01:00  WARN 14440 --- [user-service] [restartedMain] ConfigServletWebServerApplicationContext : Exception encountered during context initialization - cancelling refresh attempt: org.springframework.beans.factory.support.BeanDefinitionOverrideException: Invalid bean definition with name 'xStream' defined in class path resource [com/luispiquinrey/user/Configuration/SerializerConfig.class]: Cannot register bean definition [Root bean: class=null; scope=; abstract=false; lazyInit=null; autowireMode=3; dependencyCheck=0; autowireCandidate=true; primary=false; fallback=false; factoryBeanName=serializerConfig; factoryMethodName=xStream; initMethodNames=null; destroyMethodNames=[(inferred)]; defined in class path resource [com/luispiquinrey/user/Configuration/SerializerConfig.class]] for bean 'xStream' since there is already [Root bean: class=null; scope=; abstract=false; lazyInit=null; autowireMode=3; dependencyCheck=0; autowireCandidate=true; primary=true; fallback=false; factoryBeanName=axonSerializerConfiguration; factoryMethodName=xStream; initMethodNames=null; destroyMethodNames=[(inferred)]; defined in class path resource [com/luispiquinrey/common/Configuration/AxonSerializerConfiguration.class]] bound.
2025-12-28T17:05:41.406+01:00  INFO 14440 --- [user-service] [restartedMain] .s.b.a.l.ConditionEvaluationReportLogger : 

Error starting ApplicationContext. To display the condition evaluation report re-run your application with 'debug' enabled.
2025-12-28T17:05:41.444+01:00 ERROR 14440 --- [user-service] [restartedMain] o.s.b.d.LoggingFailureAnalysisReporter   : 

***************************
APPLICATION FAILED TO START
***************************

Description:

The bean 'xStream', defined in class path resource [com/luispiquinrey/user/Configuration/SerializerConfig.class], could not be registered. A bean with that name has already been defined in class path resource [com/luispiquinrey/common/Configuration/AxonSerializerConfiguration.class] and overriding is disabled.

Action:

Consider renaming one of the beans or enabling overriding by setting spring.main.allow-bean-definition-overriding=true

2025-12-28T17:06:09.707+01:00  INFO 22324 --- [user-service] [restartedMain] com.luispiquinrey.user.UserApplication   : Starting UserApplication using Java 21.0.7 with PID 22324 (C:\Users\WIN\Desktop\Saga-knot\parent\user\target\classes started by WIN in C:\Users\WIN\Desktop\Saga-knot)
2025-12-28T17:06:09.709+01:00  INFO 22324 --- [user-service] [restartedMain] com.luispiquinrey.user.UserApplication   : No active profile set, falling back to 1 default profile: "default"
2025-12-28T17:06:09.761+01:00  INFO 22324 --- [user-service] [restartedMain] o.s.c.c.c.ConfigServerConfigDataLoader   : Fetching config from server at : http://localhost:8090/
2025-12-28T17:06:09.762+01:00  INFO 22324 --- [user-service] [restartedMain] o.s.c.c.c.ConfigServerConfigDataLoader   : Located environment: name=user, profiles=[default], label=null, version=null, state=null
2025-12-28T17:06:09.762+01:00  INFO 22324 --- [user-service] [restartedMain] o.s.c.c.c.ConfigServerConfigDataLoader   : Fetching config from server at : http://localhost:8090/
2025-12-28T17:06:09.762+01:00  INFO 22324 --- [user-service] [restartedMain] o.s.c.c.c.ConfigServerConfigDataLoader   : Located environment: name=user-service, profiles=[default], label=null, version=null, state=null
2025-12-28T17:06:09.766+01:00  INFO 22324 --- [user-service] [restartedMain] .e.DevToolsPropertyDefaultsPostProcessor : Devtools property defaults active! Set 'spring.devtools.add-properties' to 'false' to disable
2025-12-28T17:06:09.766+01:00  INFO 22324 --- [user-service] [restartedMain] .e.DevToolsPropertyDefaultsPostProcessor : For additional web related logging consider setting the 'logging.level.web' property to 'DEBUG'
2025-12-28T17:06:09.934+01:00  WARN 22324 --- [user-service] [restartedMain] o.s.c.annotation.AnnotationTypeMapping   : Support for convention-based annotation attribute overrides is deprecated and will be removed in Spring Framework 7.0. Please annotate the following attributes in @org.axonframework.spring.stereotype.Aggregate with appropriate @AliasFor declarations: [type]
2025-12-28T17:06:09.939+01:00  WARN 22324 --- [user-service] [restartedMain] o.s.c.annotation.AnnotationTypeMapping   : Support for convention-based annotation attribute overrides is deprecated and will be removed in Spring Framework 7.0. Please annotate the following attributes in @org.axonframework.commandhandling.CommandHandler with appropriate @AliasFor declarations: [payloadType]
2025-12-28T17:06:09.941+01:00  WARN 22324 --- [user-service] [restartedMain] o.s.c.annotation.AnnotationTypeMapping   : Support for convention-based annotation attribute overrides is deprecated and will be removed in Spring Framework 7.0. Please annotate the following attributes in @org.axonframework.eventsourcing.EventSourcingHandler with appropriate @AliasFor declarations: [payloadType]
2025-12-28T17:06:09.943+01:00  WARN 22324 --- [user-service] [restartedMain] o.s.c.annotation.AnnotationTypeMapping   : Support for convention-based annotation attribute overrides is deprecated and will be removed in Spring Framework 7.0. Please annotate the following attributes in @org.axonframework.eventsourcing.EventSourcingHandler with appropriate @AliasFor declarations: [payloadType]
2025-12-28T17:06:09.991+01:00  WARN 22324 --- [user-service] [restartedMain] o.s.c.annotation.AnnotationTypeMapping   : Support for convention-based annotation attribute overrides is deprecated and will be removed in Spring Framework 7.0. Please annotate the following attributes in @org.axonframework.eventhandling.EventHandler with appropriate @AliasFor declarations: [payloadType]
2025-12-28T17:06:12.100+01:00  INFO 22324 --- [user-service] [restartedMain] .s.d.r.c.RepositoryConfigurationDelegate : Multiple Spring Data modules found, entering strict repository configuration mode
2025-12-28T17:06:12.104+01:00  INFO 22324 --- [user-service] [restartedMain] .s.d.r.c.RepositoryConfigurationDelegate : Bootstrapping Spring Data JPA repositories in DEFAULT mode.
2025-12-28T17:06:12.342+01:00  INFO 22324 --- [user-service] [restartedMain] .s.d.r.c.RepositoryConfigurationDelegate : Finished Spring Data repository scanning in 221 ms. Found 4 JPA repository interfaces.
2025-12-28T17:06:12.363+01:00  INFO 22324 --- [user-service] [restartedMain] .s.d.r.c.RepositoryConfigurationDelegate : Multiple Spring Data modules found, entering strict repository configuration mode
2025-12-28T17:06:12.364+01:00  INFO 22324 --- [user-service] [restartedMain] .s.d.r.c.RepositoryConfigurationDelegate : Bootstrapping Spring Data Redis repositories in DEFAULT mode.
2025-12-28T17:06:12.391+01:00  INFO 22324 --- [user-service] [restartedMain] .RepositoryConfigurationExtensionSupport : Spring Data Redis - Could not safely identify store assignment for repository candidate interface com.luispiquinrey.user.Repository.AddressLookupRepository; If you want this repository to be a Redis repository, consider annotating your entities with one of these annotations: org.springframework.data.redis.core.RedisHash (preferred), or consider extending one of the following types with your repository: org.springframework.data.keyvalue.repository.KeyValueRepository
2025-12-28T17:06:12.392+01:00  INFO 22324 --- [user-service] [restartedMain] .RepositoryConfigurationExtensionSupport : Spring Data Redis - Could not safely identify store assignment for repository candidate interface com.luispiquinrey.user.Repository.AddressRepository; If you want this repository to be a Redis repository, consider annotating your entities with one of these annotations: org.springframework.data.redis.core.RedisHash (preferred), or consider extending one of the following types with your repository: org.springframework.data.keyvalue.repository.KeyValueRepository
2025-12-28T17:06:12.392+01:00  INFO 22324 --- [user-service] [restartedMain] .RepositoryConfigurationExtensionSupport : Spring Data Redis - Could not safely identify store assignment for repository candidate interface com.luispiquinrey.user.Repository.ContactLookupRepository; If you want this repository to be a Redis repository, consider annotating your entities with one of these annotations: org.springframework.data.redis.core.RedisHash (preferred), or consider extending one of the following types with your repository: org.springframework.data.keyvalue.repository.KeyValueRepository
2025-12-28T17:06:12.393+01:00  INFO 22324 --- [user-service] [restartedMain] .RepositoryConfigurationExtensionSupport : Spring Data Redis - Could not safely identify store assignment for repository candidate interface com.luispiquinrey.user.Repository.ContactRepository; If you want this repository to be a Redis repository, consider annotating your entities with one of these annotations: org.springframework.data.redis.core.RedisHash (preferred), or consider extending one of the following types with your repository: org.springframework.data.keyvalue.repository.KeyValueRepository
2025-12-28T17:06:12.394+01:00  INFO 22324 --- [user-service] [restartedMain] .s.d.r.c.RepositoryConfigurationDelegate : Finished Spring Data repository scanning in 12 ms. Found 0 Redis repository interfaces.
2025-12-28T17:06:13.062+01:00  INFO 22324 --- [user-service] [restartedMain] o.s.cloud.context.scope.GenericScope     : BeanFactory id=ea7afe52-f181-37f3-b995-59b6084da8bc
2025-12-28T17:06:13.819+01:00  WARN 22324 --- [user-service] [restartedMain] trationDelegate$BeanPostProcessorChecker : Bean 'io.axoniq.console.framework.starter.AxoniqConsoleAutoConfiguration' of type [io.axoniq.console.framework.starter.AxoniqConsoleAutoConfiguration$$SpringCGLIB$$0] is not eligible for getting processed by all BeanPostProcessors (for example: not eligible for auto-proxying). The currently created BeanPostProcessor [axoniqConsoleSpanFactoryPostProcessor] is declared through a non-static factory method on that class; consider declaring it as static instead.
2025-12-28T17:06:13.831+01:00  WARN 22324 --- [user-service] [restartedMain] trationDelegate$BeanPostProcessorChecker : Bean 'spanMatcherPredicateMap' of type [io.axoniq.console.framework.messaging.SpanMatcherPredicateMap] is not eligible for getting processed by all BeanPostProcessors (for example: not eligible for auto-proxying). Is this bean getting eagerly injected/applied to a currently created BeanPostProcessor [axoniqConsoleSpanFactoryPostProcessor]? Check the corresponding BeanPostProcessor declaration and its dependencies/advisors. If this bean does not have to be post-processed, declare it with ROLE_INFRASTRUCTURE.
2025-12-28T17:06:13.843+01:00  WARN 22324 --- [user-service] [restartedMain] trationDelegate$BeanPostProcessorChecker : Bean 'org.springframework.cloud.commons.config.CommonsConfigAutoConfiguration' of type [org.springframework.cloud.commons.config.CommonsConfigAutoConfiguration] is not eligible for getting processed by all BeanPostProcessors (for example: not eligible for auto-proxying). Is this bean getting eagerly injected/applied to a currently created BeanPostProcessor [axoniqConsoleSpanFactoryPostProcessor]? Check the corresponding BeanPostProcessor declaration and its dependencies/advisors. If this bean does not have to be post-processed, declare it with ROLE_INFRASTRUCTURE.
2025-12-28T17:06:13.845+01:00  WARN 22324 --- [user-service] [restartedMain] trationDelegate$BeanPostProcessorChecker : Bean 'org.springframework.cloud.client.loadbalancer.LoadBalancerDefaultMappingsProviderAutoConfiguration' of type [org.springframework.cloud.client.loadbalancer.LoadBalancerDefaultMappingsProviderAutoConfiguration] is not eligible for getting processed by all BeanPostProcessors (for example: not eligible for auto-proxying). Is this bean getting eagerly injected/applied to a currently created BeanPostProcessor [axoniqConsoleSpanFactoryPostProcessor]? Check the corresponding BeanPostProcessor declaration and its dependencies/advisors. If this bean does not have to be post-processed, declare it with ROLE_INFRASTRUCTURE.
2025-12-28T17:06:13.846+01:00  WARN 22324 --- [user-service] [restartedMain] trationDelegate$BeanPostProcessorChecker : Bean 'loadBalancerClientsDefaultsMappingsProvider' of type [org.springframework.cloud.client.loadbalancer.LoadBalancerDefaultMappingsProviderAutoConfiguration$$Lambda/0x000001d5817115a0] is not eligible for getting processed by all BeanPostProcessors (for example: not eligible for auto-proxying). Is this bean getting eagerly injected/applied to a currently created BeanPostProcessor [axoniqConsoleSpanFactoryPostProcessor]? Check the corresponding BeanPostProcessor declaration and its dependencies/advisors. If this bean does not have to be post-processed, declare it with ROLE_INFRASTRUCTURE.
2025-12-28T17:06:13.847+01:00  WARN 22324 --- [user-service] [restartedMain] trationDelegate$BeanPostProcessorChecker : Bean 'defaultsBindHandlerAdvisor' of type [org.springframework.cloud.commons.config.DefaultsBindHandlerAdvisor] is not eligible for getting processed by all BeanPostProcessors (for example: not eligible for auto-proxying). Is this bean getting eagerly injected/applied to a currently created BeanPostProcessor [axoniqConsoleSpanFactoryPostProcessor]? Check the corresponding BeanPostProcessor declaration and its dependencies/advisors. If this bean does not have to be post-processed, declare it with ROLE_INFRASTRUCTURE.
2025-12-28T17:06:13.859+01:00  WARN 22324 --- [user-service] [restartedMain] trationDelegate$BeanPostProcessorChecker : Bean 'axoniq.console-io.axoniq.console.framework.starter.AxoniqConsoleSpringProperties' of type [io.axoniq.console.framework.starter.AxoniqConsoleSpringProperties] is not eligible for getting processed by all BeanPostProcessors (for example: not eligible for auto-proxying). Is this bean getting eagerly injected/applied to a currently created BeanPostProcessor [axoniqConsoleSpanFactoryPostProcessor]? Check the corresponding BeanPostProcessor declaration and its dependencies/advisors. If this bean does not have to be post-processed, declare it with ROLE_INFRASTRUCTURE.
2025-12-28T17:06:14.309+01:00  INFO 22324 --- [user-service] [restartedMain] o.s.b.w.embedded.tomcat.TomcatWebServer  : Tomcat initialized with port 9098 (http)
2025-12-28T17:06:14.328+01:00  INFO 22324 --- [user-service] [restartedMain] o.apache.catalina.core.StandardService   : Starting service [Tomcat]
2025-12-28T17:06:14.328+01:00  INFO 22324 --- [user-service] [restartedMain] o.apache.catalina.core.StandardEngine    : Starting Servlet engine: [Apache Tomcat/10.1.46]
2025-12-28T17:06:14.432+01:00  INFO 22324 --- [user-service] [restartedMain] o.a.c.c.C.[Tomcat].[localhost].[/]       : Initializing Spring embedded WebApplicationContext
2025-12-28T17:06:14.432+01:00  INFO 22324 --- [user-service] [restartedMain] w.s.c.ServletWebServerApplicationContext : Root WebApplicationContext: initialization completed in 4666 ms
2025-12-28T17:06:14.667+01:00  INFO 22324 --- [user-service] [restartedMain] o.hibernate.jpa.internal.util.LogHelper  : HHH000204: Processing PersistenceUnitInfo [name: default]
2025-12-28T17:06:14.781+01:00  INFO 22324 --- [user-service] [restartedMain] org.hibernate.Version                    : HHH000412: Hibernate ORM core version 6.6.29.Final
2025-12-28T17:06:14.852+01:00  INFO 22324 --- [user-service] [restartedMain] o.h.c.internal.RegionFactoryInitiator    : HHH000026: Second-level cache disabled
2025-12-28T17:06:15.252+01:00  INFO 22324 --- [user-service] [restartedMain] o.s.o.j.p.SpringPersistenceUnitInfo      : No LoadTimeWeaver setup: ignoring JPA class transformer
2025-12-28T17:06:15.298+01:00  INFO 22324 --- [user-service] [restartedMain] com.zaxxer.hikari.HikariDataSource       : HikariPool-1 - Starting...
2025-12-28T17:06:15.759+01:00  INFO 22324 --- [user-service] [restartedMain] com.zaxxer.hikari.pool.HikariPool        : HikariPool-1 - Added connection com.mysql.cj.jdbc.ConnectionImpl@3ca1bf6d
2025-12-28T17:06:15.761+01:00  INFO 22324 --- [user-service] [restartedMain] com.zaxxer.hikari.HikariDataSource       : HikariPool-1 - Start completed.
2025-12-28T17:06:15.832+01:00  WARN 22324 --- [user-service] [restartedMain] org.hibernate.orm.deprecation            : HHH90000025: MySQLDialect does not need to be specified explicitly using 'hibernate.dialect' (remove the property setting and it will be selected by default)
2025-12-28T17:06:15.859+01:00  INFO 22324 --- [user-service] [restartedMain] org.hibernate.orm.connections.pooling    : HHH10001005: Database info:
	Database JDBC URL [Connecting through datasource 'HikariDataSource (HikariPool-1)']
	Database driver: undefined/unknown
	Database version: 9.5
	Autocommit mode: undefined/unknown
	Isolation level: undefined/unknown
	Minimum pool size: undefined/unknown
	Maximum pool size: undefined/unknown
2025-12-28T17:06:17.373+01:00  INFO 22324 --- [user-service] [restartedMain] o.h.e.t.j.p.i.JtaPlatformInitiator       : HHH000489: No JTA platform available (set 'hibernate.transaction.jta.platform' to enable JTA platform integration)
2025-12-28T17:06:17.658+01:00  INFO 22324 --- [user-service] [restartedMain] j.LocalContainerEntityManagerFactoryBean : Initialized JPA EntityManagerFactory for persistence unit 'default'
2025-12-28T17:06:17.806+01:00  INFO 22324 --- [user-service] [restartedMain] ConsoleAutoConfiguration$$SpringCGLIB$$0 : Setting up client for AxonIQ Console environment 421432dd-0. This application will be registered as Shopping-axion
2025-12-28T17:06:18.108+01:00  INFO 22324 --- [user-service] [restartedMain] o.a.serialization.ChainingConverter      : ContentTypeConverter of type [class org.axonframework.serialization.xml.Dom4JToByteArrayConverter] is ignored. It seems to rely on a class that is not available in the class loader: org/dom4j/Document
2025-12-28T17:06:18.109+01:00  INFO 22324 --- [user-service] [restartedMain] o.a.serialization.ChainingConverter      : ContentTypeConverter of type [class org.axonframework.serialization.xml.InputStreamToDom4jConverter] is ignored. It seems to rely on a class that is not available in the class loader: org/dom4j/Document
2025-12-28T17:06:18.110+01:00  INFO 22324 --- [user-service] [restartedMain] o.a.serialization.ChainingConverter      : ContentTypeConverter of type [class org.axonframework.serialization.xml.XomToStringConverter] is ignored. It seems to rely on a class that is not available in the class loader: nu/xom/Document
2025-12-28T17:06:18.111+01:00  INFO 22324 --- [user-service] [restartedMain] o.a.serialization.ChainingConverter      : ContentTypeConverter of type [class org.axonframework.serialization.xml.InputStreamToXomConverter] is ignored. It seems to rely on a class that is not available in the class loader: nu/xom/ParsingException
2025-12-28T17:06:19.211+01:00  INFO 22324 --- [user-service] [restartedMain] o.s.d.j.r.query.QueryEnhancerFactory     : Hibernate is in classpath; If applicable, HQL parser will be used.
2025-12-28T17:06:20.270+01:00  WARN 22324 --- [user-service] [restartedMain] JpaBaseConfiguration$JpaWebConfiguration : spring.jpa.open-in-view is enabled by default. Therefore, database queries may be performed during view rendering. Explicitly configure spring.jpa.open-in-view to disable this warning
2025-12-28T17:06:21.202+01:00  INFO 22324 --- [user-service] [restartedMain] o.s.b.d.a.OptionalLiveReloadServer       : LiveReload server is running on port 35729
2025-12-28T17:06:21.311+01:00  INFO 22324 --- [user-service] [restartedMain] DiscoveryClientOptionalArgsConfiguration : Eureka HTTP Client uses RestTemplate.
2025-12-28T17:06:21.357+01:00  WARN 22324 --- [user-service] [restartedMain] iguration$LoadBalancerCaffeineWarnLogger : Spring Cloud LoadBalancer is currently working with the default cache. While this cache implementation is useful for development and tests, it's recommended to use Caffeine cache in production.You can switch to using Caffeine cache, by adding it and org.springframework.cache.caffeine.CaffeineCacheManager to the classpath.
2025-12-28T17:06:21.446+01:00  WARN 22324 --- [user-service] [restartedMain] org.jline                                : Unable to create a system terminal, creating a dumb terminal (enable debug logging for more information)
2025-12-28T17:06:21.770+01:00  INFO 22324 --- [user-service] [restartedMain] o.s.c.n.eureka.InstanceInfoFactory       : Setting initial instance status as: STARTING
2025-12-28T17:06:21.804+01:00  INFO 22324 --- [user-service] [restartedMain] com.netflix.discovery.DiscoveryClient    : Initializing Eureka in region us-east-1
2025-12-28T17:06:21.810+01:00  INFO 22324 --- [user-service] [restartedMain] c.n.d.s.r.aws.ConfigClusterResolver      : Resolving eureka endpoints via configuration
2025-12-28T17:06:21.823+01:00  INFO 22324 --- [user-service] [restartedMain] com.netflix.discovery.DiscoveryClient    : Disable delta property : false
2025-12-28T17:06:21.824+01:00  INFO 22324 --- [user-service] [restartedMain] com.netflix.discovery.DiscoveryClient    : Single vip registry refresh property : null
2025-12-28T17:06:21.824+01:00  INFO 22324 --- [user-service] [restartedMain] com.netflix.discovery.DiscoveryClient    : Force full registry fetch : false
2025-12-28T17:06:21.824+01:00  INFO 22324 --- [user-service] [restartedMain] com.netflix.discovery.DiscoveryClient    : Application is null : false
2025-12-28T17:06:21.824+01:00  INFO 22324 --- [user-service] [restartedMain] com.netflix.discovery.DiscoveryClient    : Registered Applications size is zero : true
2025-12-28T17:06:21.824+01:00  INFO 22324 --- [user-service] [restartedMain] com.netflix.discovery.DiscoveryClient    : Application version is -1: true
2025-12-28T17:06:21.824+01:00  INFO 22324 --- [user-service] [restartedMain] com.netflix.discovery.DiscoveryClient    : Getting all instance registry info from the eureka server
2025-12-28T17:06:22.311+01:00  INFO 22324 --- [user-service] [restartedMain] com.netflix.discovery.DiscoveryClient    : The response status is 200
2025-12-28T17:06:22.313+01:00  INFO 22324 --- [user-service] [restartedMain] com.netflix.discovery.DiscoveryClient    : Starting heartbeat executor: renew interval is: 30
2025-12-28T17:06:22.315+01:00  INFO 22324 --- [user-service] [restartedMain] c.n.discovery.InstanceInfoReplicator     : InstanceInfoReplicator onDemand update allowed rate per min is 4
2025-12-28T17:06:22.318+01:00  INFO 22324 --- [user-service] [restartedMain] com.netflix.discovery.DiscoveryClient    : Discovery Client initialized at timestamp 1766937982317 with initial instances count: 0
2025-12-28T17:06:22.321+01:00  INFO 22324 --- [user-service] [restartedMain] o.s.c.n.e.s.EurekaServiceRegistry        : Registering application USER-SERVICE with eureka with status UP
2025-12-28T17:06:22.322+01:00  INFO 22324 --- [user-service] [restartedMain] com.netflix.discovery.DiscoveryClient    : Saw local status change event StatusChangeEvent [timestamp=1766937982322, current=UP, previous=STARTING]
2025-12-28T17:06:22.324+01:00  INFO 22324 --- [user-service] [DiscoveryClient-InstanceInfoReplicator-%d] com.netflix.discovery.DiscoveryClient    : DiscoveryClient_USER-SERVICE/192.168.1.137:user-service:9098: registering service...
2025-12-28T17:06:22.392+01:00  INFO 22324 --- [user-service] [restartedMain] o.axonframework.updates.UpdateChecker    : Your AxonIQ libraries will be checked for updates periodically. See https://www.axoniq.io/update-check for more information.
2025-12-28T17:06:22.450+01:00  INFO 22324 --- [user-service] [DiscoveryClient-InstanceInfoReplicator-%d] com.netflix.discovery.DiscoveryClient    : DiscoveryClient_USER-SERVICE/192.168.1.137:user-service:9098 - registration status: 204
2025-12-28T17:06:23.032+01:00  INFO 22324 --- [user-service] [pool-2-thread-1] i.a.a.c.impl.AxonServerManagedChannel    : Requesting connection details from localhost:8125
2025-12-28T17:06:25.306+01:00  INFO 22324 --- [user-service] [pool-2-thread-1] i.a.a.c.impl.AxonServerManagedChannel    : Successfully connected to localhost:8125
2025-12-28T17:06:25.326+01:00  INFO 22324 --- [user-service] [pool-2-thread-1] i.a.a.connector.impl.ControlChannelImpl  : Connected instruction stream for context 'default'. Sending client identification
2025-12-28T17:06:25.356+01:00  INFO 22324 --- [user-service] [restartedMain] i.a.a.c.command.impl.CommandChannelImpl  : CommandChannel for context 'default' connected, 0 command handlers registered
2025-12-28T17:06:25.360+01:00  INFO 22324 --- [user-service] [restartedMain] i.a.a.c.command.impl.CommandChannelImpl  : Registered handler for command 'com.luispiquinrey.user.Command.AddAddressToUserCommand' in context 'default'
2025-12-28T17:06:25.365+01:00  INFO 22324 --- [user-service] [restartedMain] i.a.a.c.command.impl.CommandChannelImpl  : Registered handler for command 'com.luispiquinrey.user.Command.UploadImageUserCommand' in context 'default'
2025-12-28T17:06:25.366+01:00  INFO 22324 --- [user-service] [restartedMain] i.a.a.c.command.impl.CommandChannelImpl  : Registered handler for command 'com.luispiquinrey.user.Command.RemoveAddressFromUserCommand' in context 'default'
2025-12-28T17:06:25.366+01:00  INFO 22324 --- [user-service] [restartedMain] i.a.a.c.command.impl.CommandChannelImpl  : Registered handler for command 'com.luispiquinrey.user.Command.DeleteUserCommand' in context 'default'
2025-12-28T17:06:25.367+01:00  INFO 22324 --- [user-service] [restartedMain] i.a.a.c.command.impl.CommandChannelImpl  : Registered handler for command 'com.luispiquinrey.user.Command.UpdateUserCommand' in context 'default'
2025-12-28T17:06:25.367+01:00  INFO 22324 --- [user-service] [restartedMain] i.a.a.c.command.impl.CommandChannelImpl  : Registered handler for command 'com.luispiquinrey.user.Command.CreateUserCommand' in context 'default'
2025-12-28T17:06:25.379+01:00  INFO 22324 --- [user-service] [pool-6-thread-1] o.a.u.LoggingUpdateCheckerReporter       : AxonIQ has found the following dependency upgrade(s):
2025-12-28T17:06:25.382+01:00  INFO 22324 --- [user-service] [pool-6-thread-1] o.a.u.LoggingUpdateCheckerReporter       : org.axonframework:axon-eventsourcing............................ 4.9.3    -> 5.0.1
2025-12-28T17:06:25.382+01:00  INFO 22324 --- [user-service] [pool-6-thread-1] o.a.u.LoggingUpdateCheckerReporter       : org.axonframework:axon-modelling................................ 4.12.2   -> 5.0.1
2025-12-28T17:06:25.382+01:00  INFO 22324 --- [user-service] [pool-6-thread-1] o.a.u.LoggingUpdateCheckerReporter       : org.axonframework:axon-messaging................................ 4.12.2   -> 5.0.1
2025-12-28T17:06:25.382+01:00  INFO 22324 --- [user-service] [pool-6-thread-1] o.a.u.LoggingUpdateCheckerReporter       : io.axoniq.console:console-framework-client-spring-boot-starter.. 1.10.0   -> 1.10.2
2025-12-28T17:06:25.382+01:00  INFO 22324 --- [user-service] [pool-6-thread-1] o.a.u.LoggingUpdateCheckerReporter       : io.axoniq.console:console-framework-client-api.................. 1.10.0   -> 1.10.2
2025-12-28T17:06:25.382+01:00  INFO 22324 --- [user-service] [pool-6-thread-1] o.a.u.LoggingUpdateCheckerReporter       : io.axoniq.console:console-framework-client...................... 1.10.0   -> 1.10.2
2025-12-28T17:06:25.382+01:00  INFO 22324 --- [user-service] [pool-6-thread-1] o.a.u.LoggingUpdateCheckerReporter       : org.axonframework:axon-server-connector......................... 4.12.2   -> 5.0.1
2025-12-28T17:06:25.382+01:00  INFO 22324 --- [user-service] [pool-6-thread-1] o.a.u.LoggingUpdateCheckerReporter       : io.axoniq:axonserver-connector-java............................. 2024.2.4 -> 2025.2.1
2025-12-28T17:06:25.382+01:00  INFO 22324 --- [user-service] [pool-6-thread-1] o.a.u.LoggingUpdateCheckerReporter       : No vulnerabilities have been found in your Axon libraries.
2025-12-28T17:06:25.408+01:00  INFO 22324 --- [user-service] [restartedMain] i.a.a.c.query.impl.QueryChannelImpl      : QueryChannel for context 'default' connected, 0 registrations resubscribed
2025-12-28T17:06:25.416+01:00  INFO 22324 --- [user-service] [restartedMain] i.a.a.c.query.impl.QueryChannelImpl      : Registered handler for query 'com.luispiquinrey.user.Queries.FindUserByEmailQuery : com.luispiquinrey.user.Entities.Contact' in context 'default'
2025-12-28T17:06:25.417+01:00  INFO 22324 --- [user-service] [restartedMain] i.a.a.c.query.impl.QueryChannelImpl      : Registered handler for query 'com.luispiquinrey.user.Queries.FindUserByIdQuery : com.luispiquinrey.user.Entities.Contact' in context 'default'
2025-12-28T17:06:25.418+01:00  INFO 22324 --- [user-service] [restartedMain] i.a.a.c.query.impl.QueryChannelImpl      : Registered handler for query 'com.luispiquinrey.user.Queries.FindUserByUsernameQuery : com.luispiquinrey.user.Entities.Contact' in context 'default'
2025-12-28T17:06:25.674+01:00  INFO 22324 --- [user-service] [EventProcessor[user-group]-0] o.a.e.TrackingEventProcessor             : Worker assigned to segment Segment[0/0] for processing
2025-12-28T17:06:25.677+01:00  INFO 22324 --- [user-service] [EventProcessor[address-lookup-group]-0] o.a.e.TrackingEventProcessor             : Worker assigned to segment Segment[0/0] for processing
2025-12-28T17:06:25.727+01:00  INFO 22324 --- [user-service] [restartedMain] o.s.b.w.embedded.tomcat.TomcatWebServer  : Tomcat started on port 9098 (http) with context path '/'
2025-12-28T17:06:25.727+01:00  INFO 22324 --- [user-service] [restartedMain] .s.c.n.e.s.EurekaAutoServiceRegistration : Updating port to 9098
2025-12-28T17:06:25.745+01:00  INFO 22324 --- [user-service] [EventProcessor[user-group]-0] o.a.e.TrackingEventProcessor             : Using current Thread for last segment worker: TrackingSegmentWorker{processor=user-group, segment=Segment[0/0]}
2025-12-28T17:06:25.746+01:00  INFO 22324 --- [user-service] [EventProcessor[address-lookup-group]-0] o.a.e.TrackingEventProcessor             : Using current Thread for last segment worker: TrackingSegmentWorker{processor=address-lookup-group, segment=Segment[0/0]}
2025-12-28T17:06:25.749+01:00  INFO 22324 --- [user-service] [restartedMain] com.luispiquinrey.user.UserApplication   : Started UserApplication in 17.429 seconds (process running for 18.835)
2025-12-28T17:06:25.765+01:00  INFO 22324 --- [user-service] [EventProcessor[address-lookup-group]-0] o.a.e.TrackingEventProcessor             : Fetched token: null for segment: Segment[0/0]
2025-12-28T17:06:25.771+01:00  INFO 22324 --- [user-service] [EventProcessor[user-group]-0] o.a.e.TrackingEventProcessor             : Fetched token: null for segment: Segment[0/0]
2025-12-28T17:06:26.644+01:00  INFO 22324 --- [user-service] [pool-2-thread-1] i.a.c.f.c.AxoniqConsoleRSocketClient     : Connection to AxonIQ Console set up successfully! This instance's name: 22324@DESKTOP-6GLV26S-e001, settings: ClientSettingsV2(heartbeatInterval=20000, heartbeatTimeout=60000, processorReportInterval=5000, handlerReportInterval=20000, applicationReportInterval=10000)
2025-12-28T17:06:52.320+01:00  INFO 22324 --- [user-service] [DiscoveryClient-CacheRefreshExecutor-%d] com.netflix.discovery.DiscoveryClient    : Disable delta property : false
2025-12-28T17:06:52.320+01:00  INFO 22324 --- [user-service] [DiscoveryClient-CacheRefreshExecutor-%d] com.netflix.discovery.DiscoveryClient    : Single vip registry refresh property : null
2025-12-28T17:06:52.320+01:00  INFO 22324 --- [user-service] [DiscoveryClient-CacheRefreshExecutor-%d] com.netflix.discovery.DiscoveryClient    : Force full registry fetch : false
2025-12-28T17:06:52.320+01:00  INFO 22324 --- [user-service] [DiscoveryClient-CacheRefreshExecutor-%d] com.netflix.discovery.DiscoveryClient    : Application is null : false
2025-12-28T17:06:52.320+01:00  INFO 22324 --- [user-service] [DiscoveryClient-CacheRefreshExecutor-%d] com.netflix.discovery.DiscoveryClient    : Registered Applications size is zero : true
2025-12-28T17:06:52.320+01:00  INFO 22324 --- [user-service] [DiscoveryClient-CacheRefreshExecutor-%d] com.netflix.discovery.DiscoveryClient    : Application version is -1: false
2025-12-28T17:06:52.320+01:00  INFO 22324 --- [user-service] [DiscoveryClient-CacheRefreshExecutor-%d] com.netflix.discovery.DiscoveryClient    : Getting all instance registry info from the eureka server
2025-12-28T17:06:52.349+01:00  INFO 22324 --- [user-service] [DiscoveryClient-CacheRefreshExecutor-%d] com.netflix.discovery.DiscoveryClient    : The response status is 200
2025-12-28T17:11:21.840+01:00  INFO 22324 --- [user-service] [AsyncResolver-bootstrap-executor-%d] c.n.d.s.r.aws.ConfigClusterResolver      : Resolving eureka endpoints via configuration
2025-12-28T17:12:53.904+01:00  INFO 22324 --- [user-service] [grpc-default-executor-3] i.a.a.c.impl.AxonServerManagedChannel    : Reconnect for context default requested. Closing current connection.
2025-12-28T17:12:53.943+01:00  WARN 22324 --- [user-service] [EventProcessor[address-lookup-group]-0] o.a.e.TrackingEventProcessor             : Error occurred. Starting retry mode.

org.axonframework.axonserver.connector.AxonServerException: The Event Stream has been closed, so no further events can be retrieved
	at org.axonframework.axonserver.connector.event.axon.EventBuffer.peekNullable(EventBuffer.java:177) ~[axon-server-connector-4.12.2.jar:4.12.2]
	at org.axonframework.axonserver.connector.event.axon.EventBuffer.hasNextAvailable(EventBuffer.java:143) ~[axon-server-connector-4.12.2.jar:4.12.2]
	at org.axonframework.eventhandling.TrackingEventProcessor.processBatch(TrackingEventProcessor.java:419) ~[axon-messaging-4.12.2.jar:4.12.2]
	at org.axonframework.eventhandling.TrackingEventProcessor.processingLoop(TrackingEventProcessor.java:316) ~[axon-messaging-4.12.2.jar:4.12.2]
	at org.axonframework.eventhandling.TrackingEventProcessor$TrackingSegmentWorker.run(TrackingEventProcessor.java:1197) ~[axon-messaging-4.12.2.jar:4.12.2]
	at org.axonframework.eventhandling.TrackingEventProcessor$WorkerLauncher.cleanUp(TrackingEventProcessor.java:1396) ~[axon-messaging-4.12.2.jar:4.12.2]
	at org.axonframework.eventhandling.TrackingEventProcessor$WorkerLauncher.run(TrackingEventProcessor.java:1373) ~[axon-messaging-4.12.2.jar:4.12.2]
	at java.base/java.lang.Thread.run(Thread.java:1583) ~[na:na]
Caused by: io.grpc.StatusRuntimeException: UNAVAILABLE: Keepalive failed. The connection is likely gone
	at io.grpc.Status.asRuntimeException(Status.java:532) ~[grpc-api-1.69.0.jar:1.69.0]
	at io.grpc.stub.ClientCalls$StreamObserverToCallListenerAdapter.onClose(ClientCalls.java:481) ~[grpc-stub-1.69.0.jar:1.69.0]
	at io.grpc.PartialForwardingClientCallListener.onClose(PartialForwardingClientCallListener.java:39) ~[grpc-api-1.69.0.jar:1.69.0]
	at io.grpc.ForwardingClientCallListener.onClose(ForwardingClientCallListener.java:23) ~[grpc-api-1.69.0.jar:1.69.0]
	at io.grpc.ForwardingClientCallListener$SimpleForwardingClientCallListener.onClose(ForwardingClientCallListener.java:40) ~[grpc-api-1.69.0.jar:1.69.0]
	at io.grpc.internal.ClientCallImpl.closeObserver(ClientCallImpl.java:564) ~[grpc-core-1.69.0.jar:1.69.0]
	at io.grpc.internal.ClientCallImpl.access$100(ClientCallImpl.java:72) ~[grpc-core-1.69.0.jar:1.69.0]
	at io.grpc.internal.ClientCallImpl$ClientStreamListenerImpl$1StreamClosed.runInternal(ClientCallImpl.java:729) ~[grpc-core-1.69.0.jar:1.69.0]
	at io.grpc.internal.ClientCallImpl$ClientStreamListenerImpl$1StreamClosed.runInContext(ClientCallImpl.java:710) ~[grpc-core-1.69.0.jar:1.69.0]
	at io.grpc.internal.ContextRunnable.run(ContextRunnable.java:37) ~[grpc-core-1.69.0.jar:1.69.0]
	at io.grpc.internal.SerializingExecutor.run(SerializingExecutor.java:133) ~[grpc-core-1.69.0.jar:1.69.0]
	at java.base/java.util.concurrent.ThreadPoolExecutor.runWorker(ThreadPoolExecutor.java:1144) ~[na:na]
	at java.base/java.util.concurrent.ThreadPoolExecutor$Worker.run(ThreadPoolExecutor.java:642) ~[na:na]
	... 1 common frames omitted

2025-12-28T17:12:53.957+01:00  WARN 22324 --- [user-service] [EventProcessor[address-lookup-group]-0] o.a.e.TrackingEventProcessor             : Releasing claim on token and preparing for retry in 1s
2025-12-28T17:12:53.946+01:00  INFO 22324 --- [user-service] [grpc-default-executor-4] i.a.a.c.query.impl.QueryChannelImpl      : Error on QueryChannel for context default

io.grpc.StatusRuntimeException: UNAVAILABLE: Keepalive failed. The connection is likely gone
	at io.grpc.Status.asRuntimeException(Status.java:532) ~[grpc-api-1.69.0.jar:1.69.0]
	at io.grpc.stub.ClientCalls$StreamObserverToCallListenerAdapter.onClose(ClientCalls.java:481) ~[grpc-stub-1.69.0.jar:1.69.0]
	at io.grpc.PartialForwardingClientCallListener.onClose(PartialForwardingClientCallListener.java:39) ~[grpc-api-1.69.0.jar:1.69.0]
	at io.grpc.ForwardingClientCallListener.onClose(ForwardingClientCallListener.java:23) ~[grpc-api-1.69.0.jar:1.69.0]
	at io.grpc.ForwardingClientCallListener$SimpleForwardingClientCallListener.onClose(ForwardingClientCallListener.java:40) ~[grpc-api-1.69.0.jar:1.69.0]
	at io.grpc.internal.ClientCallImpl.closeObserver(ClientCallImpl.java:564) ~[grpc-core-1.69.0.jar:1.69.0]
	at io.grpc.internal.ClientCallImpl.access$100(ClientCallImpl.java:72) ~[grpc-core-1.69.0.jar:1.69.0]
	at io.grpc.internal.ClientCallImpl$ClientStreamListenerImpl$1StreamClosed.runInternal(ClientCallImpl.java:729) ~[grpc-core-1.69.0.jar:1.69.0]
	at io.grpc.internal.ClientCallImpl$ClientStreamListenerImpl$1StreamClosed.runInContext(ClientCallImpl.java:710) ~[grpc-core-1.69.0.jar:1.69.0]
	at io.grpc.internal.ContextRunnable.run(ContextRunnable.java:37) ~[grpc-core-1.69.0.jar:1.69.0]
	at io.grpc.internal.SerializingExecutor.run(SerializingExecutor.java:133) ~[grpc-core-1.69.0.jar:1.69.0]
	at java.base/java.util.concurrent.ThreadPoolExecutor.runWorker(ThreadPoolExecutor.java:1144) ~[na:na]
	at java.base/java.util.concurrent.ThreadPoolExecutor$Worker.run(ThreadPoolExecutor.java:642) ~[na:na]
	at java.base/java.lang.Thread.run(Thread.java:1583) ~[na:na]

2025-12-28T17:12:53.958+01:00  INFO 22324 --- [user-service] [axon-connector-22324@DESKTOP-6GLV26S-1] i.a.a.c.impl.AxonServerManagedChannel    : Requesting connection details from localhost:8125
2025-12-28T17:12:53.944+01:00  WARN 22324 --- [user-service] [EventProcessor[user-group]-0] o.a.e.TrackingEventProcessor             : Error occurred. Starting retry mode.

org.axonframework.axonserver.connector.AxonServerException: The Event Stream has been closed, so no further events can be retrieved
	at org.axonframework.axonserver.connector.event.axon.EventBuffer.peekNullable(EventBuffer.java:177) ~[axon-server-connector-4.12.2.jar:4.12.2]
	at org.axonframework.axonserver.connector.event.axon.EventBuffer.hasNextAvailable(EventBuffer.java:143) ~[axon-server-connector-4.12.2.jar:4.12.2]
	at org.axonframework.eventhandling.TrackingEventProcessor.processBatch(TrackingEventProcessor.java:419) ~[axon-messaging-4.12.2.jar:4.12.2]
	at org.axonframework.eventhandling.TrackingEventProcessor.processingLoop(TrackingEventProcessor.java:316) ~[axon-messaging-4.12.2.jar:4.12.2]
	at org.axonframework.eventhandling.TrackingEventProcessor$TrackingSegmentWorker.run(TrackingEventProcessor.java:1197) ~[axon-messaging-4.12.2.jar:4.12.2]
	at org.axonframework.eventhandling.TrackingEventProcessor$WorkerLauncher.cleanUp(TrackingEventProcessor.java:1396) ~[axon-messaging-4.12.2.jar:4.12.2]
	at org.axonframework.eventhandling.TrackingEventProcessor$WorkerLauncher.run(TrackingEventProcessor.java:1373) ~[axon-messaging-4.12.2.jar:4.12.2]
	at java.base/java.lang.Thread.run(Thread.java:1583) ~[na:na]
Caused by: io.grpc.StatusRuntimeException: UNAVAILABLE: Keepalive failed. The connection is likely gone
	at io.grpc.Status.asRuntimeException(Status.java:532) ~[grpc-api-1.69.0.jar:1.69.0]
	at io.grpc.stub.ClientCalls$StreamObserverToCallListenerAdapter.onClose(ClientCalls.java:481) ~[grpc-stub-1.69.0.jar:1.69.0]
	at io.grpc.PartialForwardingClientCallListener.onClose(PartialForwardingClientCallListener.java:39) ~[grpc-api-1.69.0.jar:1.69.0]
	at io.grpc.ForwardingClientCallListener.onClose(ForwardingClientCallListener.java:23) ~[grpc-api-1.69.0.jar:1.69.0]
	at io.grpc.ForwardingClientCallListener$SimpleForwardingClientCallListener.onClose(ForwardingClientCallListener.java:40) ~[grpc-api-1.69.0.jar:1.69.0]
	at io.grpc.internal.ClientCallImpl.closeObserver(ClientCallImpl.java:564) ~[grpc-core-1.69.0.jar:1.69.0]
	at io.grpc.internal.ClientCallImpl.access$100(ClientCallImpl.java:72) ~[grpc-core-1.69.0.jar:1.69.0]
	at io.grpc.internal.ClientCallImpl$ClientStreamListenerImpl$1StreamClosed.runInternal(ClientCallImpl.java:729) ~[grpc-core-1.69.0.jar:1.69.0]
	at io.grpc.internal.ClientCallImpl$ClientStreamListenerImpl$1StreamClosed.runInContext(ClientCallImpl.java:710) ~[grpc-core-1.69.0.jar:1.69.0]
	at io.grpc.internal.ContextRunnable.run(ContextRunnable.java:37) ~[grpc-core-1.69.0.jar:1.69.0]
	at io.grpc.internal.SerializingExecutor.run(SerializingExecutor.java:133) ~[grpc-core-1.69.0.jar:1.69.0]
	at java.base/java.util.concurrent.ThreadPoolExecutor.runWorker(ThreadPoolExecutor.java:1144) ~[na:na]
	at java.base/java.util.concurrent.ThreadPoolExecutor$Worker.run(ThreadPoolExecutor.java:642) ~[na:na]
	... 1 common frames omitted

2025-12-28T17:12:53.960+01:00  WARN 22324 --- [user-service] [EventProcessor[user-group]-0] o.a.e.TrackingEventProcessor             : Releasing claim on token and preparing for retry in 1s
2025-12-28T17:12:54.126+01:00  INFO 22324 --- [user-service] [EventProcessor[user-group]-0] o.a.e.TrackingEventProcessor             : Released claim
2025-12-28T17:12:54.130+01:00  INFO 22324 --- [user-service] [EventProcessor[address-lookup-group]-0] o.a.e.TrackingEventProcessor             : Released claim
2025-12-28T17:12:55.332+01:00  INFO 22324 --- [user-service] [EventProcessor[user-group]-0] o.a.e.TrackingEventProcessor             : Fetched token: IndexTrackingToken{globalIndex=8} for segment: Segment[0/0]
2025-12-28T17:12:55.398+01:00  INFO 22324 --- [user-service] [EventProcessor[address-lookup-group]-0] o.a.e.TrackingEventProcessor             : Fetched token: IndexTrackingToken{globalIndex=8} for segment: Segment[0/0]
2025-12-28T17:12:55.412+01:00  WARN 22324 --- [user-service] [EventProcessor[user-group]-0] o.a.e.TrackingEventProcessor             : Releasing claim on token and preparing for retry in 2s
2025-12-28T17:12:55.432+01:00  WARN 22324 --- [user-service] [EventProcessor[address-lookup-group]-0] o.a.e.TrackingEventProcessor             : Releasing claim on token and preparing for retry in 2s
2025-12-28T17:12:55.491+01:00  INFO 22324 --- [user-service] [EventProcessor[user-group]-0] o.a.e.TrackingEventProcessor             : Released claim
2025-12-28T17:12:55.508+01:00  INFO 22324 --- [user-service] [EventProcessor[address-lookup-group]-0] o.a.e.TrackingEventProcessor             : Released claim
2025-12-28T17:12:55.967+01:00  INFO 22324 --- [user-service] [axon-connector-22324@DESKTOP-6GLV26S-0] i.a.a.c.impl.AxonServerManagedChannel    : Requesting connection details from localhost:8125
2025-12-28T17:12:57.628+01:00  INFO 22324 --- [user-service] [EventProcessor[address-lookup-group]-0] o.a.e.TrackingEventProcessor             : Fetched token: IndexTrackingToken{globalIndex=8} for segment: Segment[0/0]
2025-12-28T17:12:57.647+01:00  INFO 22324 --- [user-service] [EventProcessor[user-group]-0] o.a.e.TrackingEventProcessor             : Fetched token: IndexTrackingToken{globalIndex=8} for segment: Segment[0/0]
2025-12-28T17:12:57.654+01:00  WARN 22324 --- [user-service] [EventProcessor[address-lookup-group]-0] o.a.e.TrackingEventProcessor             : Releasing claim on token and preparing for retry in 4s
2025-12-28T17:12:57.679+01:00  WARN 22324 --- [user-service] [EventProcessor[user-group]-0] o.a.e.TrackingEventProcessor             : Releasing claim on token and preparing for retry in 4s
2025-12-28T17:12:57.798+01:00  INFO 22324 --- [user-service] [EventProcessor[address-lookup-group]-0] o.a.e.TrackingEventProcessor             : Released claim
2025-12-28T17:12:57.829+01:00  INFO 22324 --- [user-service] [EventProcessor[user-group]-0] o.a.e.TrackingEventProcessor             : Released claim
2025-12-28T17:12:59.058+01:00  WARN 22324 --- [user-service] [axon-connector-22324@DESKTOP-6GLV26S-1] i.a.a.c.impl.AxonServerManagedChannel    : Connecting to AxonServer node [localhost:8125] failed.

io.grpc.StatusRuntimeException: DEADLINE_EXCEEDED: CallOptions deadline exceeded after 4.997610200s. Name resolution delay 0.001281100 seconds. [closed=[], open=[[buffered_nanos=1725601700, remote_addr=localhost/127.0.0.1:8125]]]
	at io.grpc.stub.ClientCalls.toStatusRuntimeException(ClientCalls.java:268) ~[grpc-stub-1.69.0.jar:1.69.0]
	at io.grpc.stub.ClientCalls.getUnchecked(ClientCalls.java:249) ~[grpc-stub-1.69.0.jar:1.69.0]
	at io.grpc.stub.ClientCalls.blockingUnaryCall(ClientCalls.java:167) ~[grpc-stub-1.69.0.jar:1.69.0]
	at io.axoniq.axonserver.grpc.control.PlatformServiceGrpc$PlatformServiceBlockingStub.getPlatformServer(PlatformServiceGrpc.java:251) ~[axonserver-connector-java-2024.2.4.jar:2024.2.4]
	at io.axoniq.axonserver.connector.impl.AxonServerManagedChannel.connectChannel(AxonServerManagedChannel.java:122) ~[axonserver-connector-java-2024.2.4.jar:2024.2.4]
	at io.axoniq.axonserver.connector.impl.AxonServerManagedChannel.createConnection(AxonServerManagedChannel.java:343) ~[axonserver-connector-java-2024.2.4.jar:2024.2.4]
	at io.axoniq.axonserver.connector.impl.AxonServerManagedChannel.ensureConnected(AxonServerManagedChannel.java:308) ~[axonserver-connector-java-2024.2.4.jar:2024.2.4]
	at io.axoniq.axonserver.connector.impl.AxonServerManagedChannel.lambda$scheduleConnectionCheck$4(AxonServerManagedChannel.java:386) ~[axonserver-connector-java-2024.2.4.jar:2024.2.4]
	at java.base/java.util.concurrent.Executors$RunnableAdapter.call(Executors.java:572) ~[na:na]
	at java.base/java.util.concurrent.FutureTask.run(FutureTask.java:317) ~[na:na]
	at java.base/java.util.concurrent.ScheduledThreadPoolExecutor$ScheduledFutureTask.run(ScheduledThreadPoolExecutor.java:304) ~[na:na]
	at java.base/java.util.concurrent.ThreadPoolExecutor.runWorker(ThreadPoolExecutor.java:1144) ~[na:na]
	at java.base/java.util.concurrent.ThreadPoolExecutor$Worker.run(ThreadPoolExecutor.java:642) ~[na:na]
	at java.base/java.lang.Thread.run(Thread.java:1583) ~[na:na]

2025-12-28T17:12:59.061+01:00  INFO 22324 --- [user-service] [axon-connector-22324@DESKTOP-6GLV26S-1] i.a.a.c.impl.AxonServerManagedChannel    : Failed to get connection to AxonServer. Scheduling a reconnect in 2000ms
2025-12-28T17:12:59.062+01:00  INFO 22324 --- [user-service] [axon-connector-22324@DESKTOP-6GLV26S-1] i.a.a.c.impl.AxonServerManagedChannel    : Requesting connection details from localhost:8125
2025-12-28T17:13:00.932+01:00  INFO 22324 --- [user-service] [axon-connector-22324@DESKTOP-6GLV26S-1] i.a.a.c.impl.AxonServerManagedChannel    : Successfully connected to localhost:8125
2025-12-28T17:13:00.932+01:00  INFO 22324 --- [user-service] [axon-connector-22324@DESKTOP-6GLV26S-1] i.a.a.connector.impl.ControlChannelImpl  : Connected instruction stream for context 'default'. Sending client identification
2025-12-28T17:13:00.968+01:00  WARN 22324 --- [user-service] [axon-connector-22324@DESKTOP-6GLV26S-0] i.a.a.c.impl.AxonServerManagedChannel    : Connecting to AxonServer node [localhost:8125] failed.

io.grpc.StatusRuntimeException: DEADLINE_EXCEEDED: CallOptions deadline exceeded after 4.997128500s. Name resolution delay 0.000032200 seconds. [closed=[], open=[[buffered_nanos=4126795000, remote_addr=localhost/127.0.0.1:8125]]]
	at io.grpc.stub.ClientCalls.toStatusRuntimeException(ClientCalls.java:268) ~[grpc-stub-1.69.0.jar:1.69.0]
	at io.grpc.stub.ClientCalls.getUnchecked(ClientCalls.java:249) ~[grpc-stub-1.69.0.jar:1.69.0]
	at io.grpc.stub.ClientCalls.blockingUnaryCall(ClientCalls.java:167) ~[grpc-stub-1.69.0.jar:1.69.0]
	at io.axoniq.axonserver.grpc.control.PlatformServiceGrpc$PlatformServiceBlockingStub.getPlatformServer(PlatformServiceGrpc.java:251) ~[axonserver-connector-java-2024.2.4.jar:2024.2.4]
	at io.axoniq.axonserver.connector.impl.AxonServerManagedChannel.connectChannel(AxonServerManagedChannel.java:122) ~[axonserver-connector-java-2024.2.4.jar:2024.2.4]
	at io.axoniq.axonserver.connector.impl.AxonServerManagedChannel.createConnection(AxonServerManagedChannel.java:343) ~[axonserver-connector-java-2024.2.4.jar:2024.2.4]
	at io.axoniq.axonserver.connector.impl.AxonServerManagedChannel.ensureConnected(AxonServerManagedChannel.java:308) ~[axonserver-connector-java-2024.2.4.jar:2024.2.4]
	at io.axoniq.axonserver.connector.impl.AxonServerManagedChannel.lambda$scheduleConnectionCheck$4(AxonServerManagedChannel.java:386) ~[axonserver-connector-java-2024.2.4.jar:2024.2.4]
	at java.base/java.util.concurrent.Executors$RunnableAdapter.call(Executors.java:572) ~[na:na]
	at java.base/java.util.concurrent.FutureTask.run(FutureTask.java:317) ~[na:na]
	at java.base/java.util.concurrent.ScheduledThreadPoolExecutor$ScheduledFutureTask.run(ScheduledThreadPoolExecutor.java:304) ~[na:na]
	at java.base/java.util.concurrent.ThreadPoolExecutor.runWorker(ThreadPoolExecutor.java:1144) ~[na:na]
	at java.base/java.util.concurrent.ThreadPoolExecutor$Worker.run(ThreadPoolExecutor.java:642) ~[na:na]
	at java.base/java.lang.Thread.run(Thread.java:1583) ~[na:na]

2025-12-28T17:13:00.969+01:00  INFO 22324 --- [user-service] [axon-connector-22324@DESKTOP-6GLV26S-0] i.a.a.c.impl.AxonServerManagedChannel    : Failed to get connection to AxonServer. Scheduling a reconnect in 2000ms
2025-12-28T17:13:01.633+01:00  INFO 22324 --- [user-service] [grpc-default-executor-1] i.a.a.c.query.impl.QueryChannelImpl      : QueryChannel for context 'default' connected, 3 registrations resubscribed
2025-12-28T17:13:01.932+01:00  INFO 22324 --- [user-service] [EventProcessor[user-group]-0] o.a.e.TrackingEventProcessor             : Fetched token: IndexTrackingToken{globalIndex=8} for segment: Segment[0/0]
2025-12-28T17:13:01.948+01:00  INFO 22324 --- [user-service] [EventProcessor[address-lookup-group]-0] o.a.e.TrackingEventProcessor             : Fetched token: IndexTrackingToken{globalIndex=8} for segment: Segment[0/0]
2025-12-28T17:13:02.398+01:00  INFO 22324 --- [user-service] [grpc-default-executor-1] i.a.a.c.command.impl.CommandChannelImpl  : CommandChannel for context 'default' connected, 6 command handlers registered
2025-12-28T17:15:06.443+01:00  INFO 22324 --- [user-service] [grpc-default-executor-8] i.a.a.c.query.impl.QueryChannelImpl      : Error on QueryChannel for context default

io.grpc.StatusRuntimeException: UNAVAILABLE: Network closed for unknown reason
	at io.grpc.Status.asRuntimeException(Status.java:532) ~[grpc-api-1.69.0.jar:1.69.0]
	at io.grpc.stub.ClientCalls$StreamObserverToCallListenerAdapter.onClose(ClientCalls.java:481) ~[grpc-stub-1.69.0.jar:1.69.0]
	at io.grpc.PartialForwardingClientCallListener.onClose(PartialForwardingClientCallListener.java:39) ~[grpc-api-1.69.0.jar:1.69.0]
	at io.grpc.ForwardingClientCallListener.onClose(ForwardingClientCallListener.java:23) ~[grpc-api-1.69.0.jar:1.69.0]
	at io.grpc.ForwardingClientCallListener$SimpleForwardingClientCallListener.onClose(ForwardingClientCallListener.java:40) ~[grpc-api-1.69.0.jar:1.69.0]
	at io.grpc.internal.ClientCallImpl.closeObserver(ClientCallImpl.java:564) ~[grpc-core-1.69.0.jar:1.69.0]
	at io.grpc.internal.ClientCallImpl.access$100(ClientCallImpl.java:72) ~[grpc-core-1.69.0.jar:1.69.0]
	at io.grpc.internal.ClientCallImpl$ClientStreamListenerImpl$1StreamClosed.runInternal(ClientCallImpl.java:729) ~[grpc-core-1.69.0.jar:1.69.0]
	at io.grpc.internal.ClientCallImpl$ClientStreamListenerImpl$1StreamClosed.runInContext(ClientCallImpl.java:710) ~[grpc-core-1.69.0.jar:1.69.0]
	at io.grpc.internal.ContextRunnable.run(ContextRunnable.java:37) ~[grpc-core-1.69.0.jar:1.69.0]
	at io.grpc.internal.SerializingExecutor.run(SerializingExecutor.java:133) ~[grpc-core-1.69.0.jar:1.69.0]
	at java.base/java.util.concurrent.ThreadPoolExecutor.runWorker(ThreadPoolExecutor.java:1144) ~[na:na]
	at java.base/java.util.concurrent.ThreadPoolExecutor$Worker.run(ThreadPoolExecutor.java:642) ~[na:na]
	at java.base/java.lang.Thread.run(Thread.java:1583) ~[na:na]

2025-12-28T17:15:06.443+01:00  WARN 22324 --- [user-service] [EventProcessor[address-lookup-group]-0] o.a.e.TrackingEventProcessor             : Error occurred. Starting retry mode.

org.axonframework.axonserver.connector.AxonServerException: The Event Stream has been closed, so no further events can be retrieved
	at org.axonframework.axonserver.connector.event.axon.EventBuffer.peekNullable(EventBuffer.java:177) ~[axon-server-connector-4.12.2.jar:4.12.2]
	at org.axonframework.axonserver.connector.event.axon.EventBuffer.hasNextAvailable(EventBuffer.java:143) ~[axon-server-connector-4.12.2.jar:4.12.2]
	at org.axonframework.eventhandling.TrackingEventProcessor.processBatch(TrackingEventProcessor.java:419) ~[axon-messaging-4.12.2.jar:4.12.2]
	at org.axonframework.eventhandling.TrackingEventProcessor.processingLoop(TrackingEventProcessor.java:316) ~[axon-messaging-4.12.2.jar:4.12.2]
	at org.axonframework.eventhandling.TrackingEventProcessor$TrackingSegmentWorker.run(TrackingEventProcessor.java:1197) ~[axon-messaging-4.12.2.jar:4.12.2]
	at org.axonframework.eventhandling.TrackingEventProcessor$WorkerLauncher.cleanUp(TrackingEventProcessor.java:1396) ~[axon-messaging-4.12.2.jar:4.12.2]
	at org.axonframework.eventhandling.TrackingEventProcessor$WorkerLauncher.run(TrackingEventProcessor.java:1373) ~[axon-messaging-4.12.2.jar:4.12.2]
	at java.base/java.lang.Thread.run(Thread.java:1583) ~[na:na]
Caused by: io.grpc.StatusRuntimeException: UNAVAILABLE: Network closed for unknown reason
	at io.grpc.Status.asRuntimeException(Status.java:532) ~[grpc-api-1.69.0.jar:1.69.0]
	at io.grpc.stub.ClientCalls$StreamObserverToCallListenerAdapter.onClose(ClientCalls.java:481) ~[grpc-stub-1.69.0.jar:1.69.0]
	at io.grpc.PartialForwardingClientCallListener.onClose(PartialForwardingClientCallListener.java:39) ~[grpc-api-1.69.0.jar:1.69.0]
	at io.grpc.ForwardingClientCallListener.onClose(ForwardingClientCallListener.java:23) ~[grpc-api-1.69.0.jar:1.69.0]
	at io.grpc.ForwardingClientCallListener$SimpleForwardingClientCallListener.onClose(ForwardingClientCallListener.java:40) ~[grpc-api-1.69.0.jar:1.69.0]
	at io.grpc.internal.ClientCallImpl.closeObserver(ClientCallImpl.java:564) ~[grpc-core-1.69.0.jar:1.69.0]
	at io.grpc.internal.ClientCallImpl.access$100(ClientCallImpl.java:72) ~[grpc-core-1.69.0.jar:1.69.0]
	at io.grpc.internal.ClientCallImpl$ClientStreamListenerImpl$1StreamClosed.runInternal(ClientCallImpl.java:729) ~[grpc-core-1.69.0.jar:1.69.0]
	at io.grpc.internal.ClientCallImpl$ClientStreamListenerImpl$1StreamClosed.runInContext(ClientCallImpl.java:710) ~[grpc-core-1.69.0.jar:1.69.0]
	at io.grpc.internal.ContextRunnable.run(ContextRunnable.java:37) ~[grpc-core-1.69.0.jar:1.69.0]
	at io.grpc.internal.SerializingExecutor.run(SerializingExecutor.java:133) ~[grpc-core-1.69.0.jar:1.69.0]
	at java.base/java.util.concurrent.ThreadPoolExecutor.runWorker(ThreadPoolExecutor.java:1144) ~[na:na]
	at java.base/java.util.concurrent.ThreadPoolExecutor$Worker.run(ThreadPoolExecutor.java:642) ~[na:na]
	... 1 common frames omitted

2025-12-28T17:15:06.448+01:00  WARN 22324 --- [user-service] [EventProcessor[address-lookup-group]-0] o.a.e.TrackingEventProcessor             : Releasing claim on token and preparing for retry in 1s
2025-12-28T17:15:06.443+01:00  WARN 22324 --- [user-service] [EventProcessor[user-group]-0] o.a.e.TrackingEventProcessor             : Error occurred. Starting retry mode.

org.axonframework.axonserver.connector.AxonServerException: The Event Stream has been closed, so no further events can be retrieved
	at org.axonframework.axonserver.connector.event.axon.EventBuffer.peekNullable(EventBuffer.java:177) ~[axon-server-connector-4.12.2.jar:4.12.2]
	at org.axonframework.axonserver.connector.event.axon.EventBuffer.hasNextAvailable(EventBuffer.java:143) ~[axon-server-connector-4.12.2.jar:4.12.2]
	at org.axonframework.eventhandling.TrackingEventProcessor.processBatch(TrackingEventProcessor.java:419) ~[axon-messaging-4.12.2.jar:4.12.2]
	at org.axonframework.eventhandling.TrackingEventProcessor.processingLoop(TrackingEventProcessor.java:316) ~[axon-messaging-4.12.2.jar:4.12.2]
	at org.axonframework.eventhandling.TrackingEventProcessor$TrackingSegmentWorker.run(TrackingEventProcessor.java:1197) ~[axon-messaging-4.12.2.jar:4.12.2]
	at org.axonframework.eventhandling.TrackingEventProcessor$WorkerLauncher.cleanUp(TrackingEventProcessor.java:1396) ~[axon-messaging-4.12.2.jar:4.12.2]
	at org.axonframework.eventhandling.TrackingEventProcessor$WorkerLauncher.run(TrackingEventProcessor.java:1373) ~[axon-messaging-4.12.2.jar:4.12.2]
	at java.base/java.lang.Thread.run(Thread.java:1583) ~[na:na]
Caused by: io.grpc.StatusRuntimeException: UNAVAILABLE: Network closed for unknown reason
	at io.grpc.Status.asRuntimeException(Status.java:532) ~[grpc-api-1.69.0.jar:1.69.0]
	at io.grpc.stub.ClientCalls$StreamObserverToCallListenerAdapter.onClose(ClientCalls.java:481) ~[grpc-stub-1.69.0.jar:1.69.0]
	at io.grpc.PartialForwardingClientCallListener.onClose(PartialForwardingClientCallListener.java:39) ~[grpc-api-1.69.0.jar:1.69.0]
	at io.grpc.ForwardingClientCallListener.onClose(ForwardingClientCallListener.java:23) ~[grpc-api-1.69.0.jar:1.69.0]
	at io.grpc.ForwardingClientCallListener$SimpleForwardingClientCallListener.onClose(ForwardingClientCallListener.java:40) ~[grpc-api-1.69.0.jar:1.69.0]
	at io.grpc.internal.ClientCallImpl.closeObserver(ClientCallImpl.java:564) ~[grpc-core-1.69.0.jar:1.69.0]
	at io.grpc.internal.ClientCallImpl.access$100(ClientCallImpl.java:72) ~[grpc-core-1.69.0.jar:1.69.0]
	at io.grpc.internal.ClientCallImpl$ClientStreamListenerImpl$1StreamClosed.runInternal(ClientCallImpl.java:729) ~[grpc-core-1.69.0.jar:1.69.0]
	at io.grpc.internal.ClientCallImpl$ClientStreamListenerImpl$1StreamClosed.runInContext(ClientCallImpl.java:710) ~[grpc-core-1.69.0.jar:1.69.0]
	at io.grpc.internal.ContextRunnable.run(ContextRunnable.java:37) ~[grpc-core-1.69.0.jar:1.69.0]
	at io.grpc.internal.SerializingExecutor.run(SerializingExecutor.java:133) ~[grpc-core-1.69.0.jar:1.69.0]
	at java.base/java.util.concurrent.ThreadPoolExecutor.runWorker(ThreadPoolExecutor.java:1144) ~[na:na]
	at java.base/java.util.concurrent.ThreadPoolExecutor$Worker.run(ThreadPoolExecutor.java:642) ~[na:na]
	... 1 common frames omitted

2025-12-28T17:15:06.455+01:00  WARN 22324 --- [user-service] [EventProcessor[user-group]-0] o.a.e.TrackingEventProcessor             : Releasing claim on token and preparing for retry in 1s
2025-12-28T17:15:06.516+01:00  INFO 22324 --- [user-service] [EventProcessor[address-lookup-group]-0] o.a.e.TrackingEventProcessor             : Released claim
2025-12-28T17:15:06.517+01:00  INFO 22324 --- [user-service] [EventProcessor[user-group]-0] o.a.e.TrackingEventProcessor             : Released claim
2025-12-28T17:15:06.529+01:00  INFO 22324 --- [user-service] [axon-connector-22324@DESKTOP-6GLV26S-0] i.a.a.c.impl.AxonServerManagedChannel    : Unable to recover current connection to AxonServer. Attempting to reconnect...
2025-12-28T17:15:06.529+01:00  INFO 22324 --- [user-service] [axon-connector-22324@DESKTOP-6GLV26S-0] i.a.a.c.impl.AxonServerManagedChannel    : Requesting connection details from localhost:8125
2025-12-28T17:15:06.543+01:00  INFO 22324 --- [user-service] [axon-connector-22324@DESKTOP-6GLV26S-1] i.a.a.c.impl.AxonServerManagedChannel    : Connection to AxonServer lost. Attempting to reconnect...
2025-12-28T17:15:06.544+01:00  INFO 22324 --- [user-service] [axon-connector-22324@DESKTOP-6GLV26S-1] i.a.a.c.impl.AxonServerManagedChannel    : Requesting connection details from localhost:8125
2025-12-28T17:15:06.585+01:00  WARN 22324 --- [user-service] [axon-connector-22324@DESKTOP-6GLV26S-0] i.a.a.c.impl.AxonServerManagedChannel    : Connecting to AxonServer node [localhost:8125] failed: UNAVAILABLE: Network closed for unknown reason
2025-12-28T17:15:06.585+01:00  INFO 22324 --- [user-service] [axon-connector-22324@DESKTOP-6GLV26S-0] i.a.a.c.impl.AxonServerManagedChannel    : Failed to get connection to AxonServer. Scheduling a reconnect in 2000ms
2025-12-28T17:15:06.593+01:00  WARN 22324 --- [user-service] [axon-connector-22324@DESKTOP-6GLV26S-1] i.a.a.c.impl.AxonServerManagedChannel    : Connecting to AxonServer node [localhost:8125] failed: UNAVAILABLE: Network closed for unknown reason
2025-12-28T17:15:06.593+01:00  INFO 22324 --- [user-service] [axon-connector-22324@DESKTOP-6GLV26S-1] i.a.a.c.impl.AxonServerManagedChannel    : Failed to get connection to AxonServer. Scheduling a reconnect in 2000ms
2025-12-28T17:15:07.562+01:00  INFO 22324 --- [user-service] [EventProcessor[user-group]-0] o.a.e.TrackingEventProcessor             : Fetched token: IndexTrackingToken{globalIndex=8} for segment: Segment[0/0]
2025-12-28T17:15:07.566+01:00  INFO 22324 --- [user-service] [EventProcessor[address-lookup-group]-0] o.a.e.TrackingEventProcessor             : Fetched token: IndexTrackingToken{globalIndex=8} for segment: Segment[0/0]
2025-12-28T17:15:07.575+01:00  WARN 22324 --- [user-service] [EventProcessor[address-lookup-group]-0] o.a.e.TrackingEventProcessor             : Releasing claim on token and preparing for retry in 2s
2025-12-28T17:15:07.575+01:00  WARN 22324 --- [user-service] [EventProcessor[user-group]-0] o.a.e.TrackingEventProcessor             : Releasing claim on token and preparing for retry in 2s
2025-12-28T17:15:07.585+01:00  INFO 22324 --- [user-service] [EventProcessor[address-lookup-group]-0] o.a.e.TrackingEventProcessor             : Released claim
2025-12-28T17:15:07.615+01:00  INFO 22324 --- [user-service] [EventProcessor[user-group]-0] o.a.e.TrackingEventProcessor             : Released claim
2025-12-28T17:15:08.586+01:00  INFO 22324 --- [user-service] [axon-connector-22324@DESKTOP-6GLV26S-0] i.a.a.c.impl.AxonServerManagedChannel    : Connection to AxonServer lost. Attempting to reconnect...
2025-12-28T17:15:08.596+01:00  INFO 22324 --- [user-service] [axon-connector-22324@DESKTOP-6GLV26S-0] i.a.a.c.impl.AxonServerManagedChannel    : Requesting connection details from localhost:8125
2025-12-28T17:15:08.610+01:00  WARN 22324 --- [user-service] [axon-connector-22324@DESKTOP-6GLV26S-0] i.a.a.c.impl.AxonServerManagedChannel    : Connecting to AxonServer node [localhost:8125] failed: UNAVAILABLE: Network closed for unknown reason
2025-12-28T17:15:08.611+01:00  INFO 22324 --- [user-service] [axon-connector-22324@DESKTOP-6GLV26S-0] i.a.a.c.impl.AxonServerManagedChannel    : Failed to get connection to AxonServer. Scheduling a reconnect in 2000ms
2025-12-28T17:15:09.601+01:00  INFO 22324 --- [user-service] [EventProcessor[address-lookup-group]-0] o.a.e.TrackingEventProcessor             : Fetched token: IndexTrackingToken{globalIndex=8} for segment: Segment[0/0]
2025-12-28T17:15:09.604+01:00  WARN 22324 --- [user-service] [EventProcessor[address-lookup-group]-0] o.a.e.TrackingEventProcessor             : Releasing claim on token and preparing for retry in 4s
2025-12-28T17:15:09.634+01:00  INFO 22324 --- [user-service] [EventProcessor[address-lookup-group]-0] o.a.e.TrackingEventProcessor             : Released claim
2025-12-28T17:15:09.640+01:00  INFO 22324 --- [user-service] [EventProcessor[user-group]-0] o.a.e.TrackingEventProcessor             : Fetched token: IndexTrackingToken{globalIndex=8} for segment: Segment[0/0]
2025-12-28T17:15:09.642+01:00  WARN 22324 --- [user-service] [EventProcessor[user-group]-0] o.a.e.TrackingEventProcessor             : Releasing claim on token and preparing for retry in 4s
2025-12-28T17:15:09.650+01:00  INFO 22324 --- [user-service] [EventProcessor[user-group]-0] o.a.e.TrackingEventProcessor             : Released claim
2025-12-28T17:15:10.625+01:00  INFO 22324 --- [user-service] [axon-connector-22324@DESKTOP-6GLV26S-1] i.a.a.c.impl.AxonServerManagedChannel    : Connection to AxonServer lost. Attempting to reconnect...
2025-12-28T17:15:10.632+01:00  INFO 22324 --- [user-service] [axon-connector-22324@DESKTOP-6GLV26S-1] i.a.a.c.impl.AxonServerManagedChannel    : Requesting connection details from localhost:8125
2025-12-28T17:15:10.641+01:00  WARN 22324 --- [user-service] [axon-connector-22324@DESKTOP-6GLV26S-1] i.a.a.c.impl.AxonServerManagedChannel    : Connecting to AxonServer node [localhost:8125] failed: UNAVAILABLE: Network closed for unknown reason
2025-12-28T17:15:10.641+01:00  INFO 22324 --- [user-service] [axon-connector-22324@DESKTOP-6GLV26S-1] i.a.a.c.impl.AxonServerManagedChannel    : Failed to get connection to AxonServer. Scheduling a reconnect in 2000ms
2025-12-28T17:15:12.647+01:00  INFO 22324 --- [user-service] [axon-connector-22324@DESKTOP-6GLV26S-1] i.a.a.c.impl.AxonServerManagedChannel    : Connection to AxonServer lost. Attempting to reconnect...
2025-12-28T17:15:12.654+01:00  INFO 22324 --- [user-service] [axon-connector-22324@DESKTOP-6GLV26S-1] i.a.a.c.impl.AxonServerManagedChannel    : Requesting connection details from localhost:8125
2025-12-28T17:15:12.725+01:00  WARN 22324 --- [user-service] [axon-connector-22324@DESKTOP-6GLV26S-1] i.a.a.c.impl.AxonServerManagedChannel    : Connecting to AxonServer node [localhost:8125] failed: UNAVAILABLE: io exception
2025-12-28T17:15:12.725+01:00  INFO 22324 --- [user-service] [axon-connector-22324@DESKTOP-6GLV26S-1] i.a.a.c.impl.AxonServerManagedChannel    : Failed to get connection to AxonServer. Scheduling a reconnect in 2000ms
2025-12-28T17:15:13.675+01:00  INFO 22324 --- [user-service] [EventProcessor[address-lookup-group]-0] o.a.e.TrackingEventProcessor             : Fetched token: IndexTrackingToken{globalIndex=8} for segment: Segment[0/0]
2025-12-28T17:15:13.677+01:00  INFO 22324 --- [user-service] [EventProcessor[user-group]-0] o.a.e.TrackingEventProcessor             : Fetched token: IndexTrackingToken{globalIndex=8} for segment: Segment[0/0]
2025-12-28T17:15:13.678+01:00  WARN 22324 --- [user-service] [EventProcessor[address-lookup-group]-0] o.a.e.TrackingEventProcessor             : Releasing claim on token and preparing for retry in 8s
2025-12-28T17:15:13.680+01:00  WARN 22324 --- [user-service] [EventProcessor[user-group]-0] o.a.e.TrackingEventProcessor             : Releasing claim on token and preparing for retry in 8s
2025-12-28T17:15:13.688+01:00  INFO 22324 --- [user-service] [EventProcessor[address-lookup-group]-0] o.a.e.TrackingEventProcessor             : Released claim
2025-12-28T17:15:13.688+01:00  INFO 22324 --- [user-service] [EventProcessor[user-group]-0] o.a.e.TrackingEventProcessor             : Released claim
2025-12-28T17:15:14.740+01:00  INFO 22324 --- [user-service] [axon-connector-22324@DESKTOP-6GLV26S-0] i.a.a.c.impl.AxonServerManagedChannel    : Connection to AxonServer lost. Attempting to reconnect...
2025-12-28T17:15:14.746+01:00  INFO 22324 --- [user-service] [axon-connector-22324@DESKTOP-6GLV26S-0] i.a.a.c.impl.AxonServerManagedChannel    : Requesting connection details from localhost:8125
2025-12-28T17:15:14.754+01:00  WARN 22324 --- [user-service] [axon-connector-22324@DESKTOP-6GLV26S-0] i.a.a.c.impl.AxonServerManagedChannel    : Connecting to AxonServer node [localhost:8125] failed: UNAVAILABLE: io exception
2025-12-28T17:15:14.754+01:00  INFO 22324 --- [user-service] [axon-connector-22324@DESKTOP-6GLV26S-0] i.a.a.c.impl.AxonServerManagedChannel    : Failed to get connection to AxonServer. Scheduling a reconnect in 2000ms
2025-12-28T17:15:16.769+01:00  INFO 22324 --- [user-service] [axon-connector-22324@DESKTOP-6GLV26S-1] i.a.a.c.impl.AxonServerManagedChannel    : Connection to AxonServer lost. Attempting to reconnect...
2025-12-28T17:15:16.777+01:00  INFO 22324 --- [user-service] [axon-connector-22324@DESKTOP-6GLV26S-1] i.a.a.c.impl.AxonServerManagedChannel    : Requesting connection details from localhost:8125
2025-12-28T17:15:16.802+01:00  WARN 22324 --- [user-service] [axon-connector-22324@DESKTOP-6GLV26S-1] i.a.a.c.impl.AxonServerManagedChannel    : Connecting to AxonServer node [localhost:8125] failed: UNAVAILABLE: io exception
2025-12-28T17:15:16.802+01:00  INFO 22324 --- [user-service] [axon-connector-22324@DESKTOP-6GLV26S-1] i.a.a.c.impl.AxonServerManagedChannel    : Failed to get connection to AxonServer. Scheduling a reconnect in 2000ms
2025-12-28T17:15:17.780+01:00  WARN 22324 --- [user-service] [HikariPool-1:housekeeper] com.zaxxer.hikari.pool.PoolBase          : HikariPool-1 - Failed to validate connection com.mysql.cj.jdbc.ConnectionImpl@39abc889 (No operations allowed after connection closed.). Possibly consider using a shorter maxLifetime value.
2025-12-28T17:15:18.806+01:00  INFO 22324 --- [user-service] [axon-connector-22324@DESKTOP-6GLV26S-1] i.a.a.c.impl.AxonServerManagedChannel    : Connection to AxonServer lost. Attempting to reconnect...
2025-12-28T17:15:18.816+01:00  INFO 22324 --- [user-service] [axon-connector-22324@DESKTOP-6GLV26S-1] i.a.a.c.impl.AxonServerManagedChannel    : Requesting connection details from localhost:8125
2025-12-28T17:15:18.821+01:00  WARN 22324 --- [user-service] [axon-connector-22324@DESKTOP-6GLV26S-1] i.a.a.c.impl.AxonServerManagedChannel    : Connecting to AxonServer node [localhost:8125] failed: UNAVAILABLE: io exception
2025-12-28T17:15:18.822+01:00  INFO 22324 --- [user-service] [axon-connector-22324@DESKTOP-6GLV26S-1] i.a.a.c.impl.AxonServerManagedChannel    : Failed to get connection to AxonServer. Scheduling a reconnect in 2000ms
2025-12-28T17:15:20.837+01:00  INFO 22324 --- [user-service] [axon-connector-22324@DESKTOP-6GLV26S-1] i.a.a.c.impl.AxonServerManagedChannel    : Connection to AxonServer lost. Attempting to reconnect...
2025-12-28T17:15:20.844+01:00  INFO 22324 --- [user-service] [axon-connector-22324@DESKTOP-6GLV26S-1] i.a.a.c.impl.AxonServerManagedChannel    : Requesting connection details from localhost:8125
2025-12-28T17:15:20.848+01:00  WARN 22324 --- [user-service] [axon-connector-22324@DESKTOP-6GLV26S-1] i.a.a.c.impl.AxonServerManagedChannel    : Connecting to AxonServer node [localhost:8125] failed: UNAVAILABLE: io exception
2025-12-28T17:15:20.848+01:00  INFO 22324 --- [user-service] [axon-connector-22324@DESKTOP-6GLV26S-1] i.a.a.c.impl.AxonServerManagedChannel    : Failed to get connection to AxonServer. Scheduling a reconnect in 2000ms
2025-12-28T17:15:21.689+01:00  WARN 22324 --- [user-service] [EventProcessor[address-lookup-group]-0] com.zaxxer.hikari.pool.PoolBase          : HikariPool-1 - Failed to validate connection com.mysql.cj.jdbc.ConnectionImpl@2b3236ad (No operations allowed after connection closed.). Possibly consider using a shorter maxLifetime value.
2025-12-28T17:15:21.690+01:00  WARN 22324 --- [user-service] [EventProcessor[user-group]-0] com.zaxxer.hikari.pool.PoolBase          : HikariPool-1 - Failed to validate connection com.mysql.cj.jdbc.ConnectionImpl@3ca1bf6d (No operations allowed after connection closed.). Possibly consider using a shorter maxLifetime value.
2025-12-28T17:15:21.691+01:00  WARN 22324 --- [user-service] [EventProcessor[user-group]-0] com.zaxxer.hikari.pool.PoolBase          : HikariPool-1 - Failed to validate connection com.mysql.cj.jdbc.ConnectionImpl@126e05ff (No operations allowed after connection closed.). Possibly consider using a shorter maxLifetime value.
2025-12-28T17:15:21.691+01:00  WARN 22324 --- [user-service] [EventProcessor[address-lookup-group]-0] com.zaxxer.hikari.pool.PoolBase          : HikariPool-1 - Failed to validate connection com.mysql.cj.jdbc.ConnectionImpl@1082fdfd (No operations allowed after connection closed.). Possibly consider using a shorter maxLifetime value.
2025-12-28T17:15:21.692+01:00  WARN 22324 --- [user-service] [EventProcessor[address-lookup-group]-0] com.zaxxer.hikari.pool.PoolBase          : HikariPool-1 - Failed to validate connection com.mysql.cj.jdbc.ConnectionImpl@5e3a9e6 (No operations allowed after connection closed.). Possibly consider using a shorter maxLifetime value.
2025-12-28T17:15:21.692+01:00  WARN 22324 --- [user-service] [EventProcessor[user-group]-0] com.zaxxer.hikari.pool.PoolBase          : HikariPool-1 - Failed to validate connection com.mysql.cj.jdbc.ConnectionImpl@157f4adb (No operations allowed after connection closed.). Possibly consider using a shorter maxLifetime value.
2025-12-28T17:15:21.693+01:00  WARN 22324 --- [user-service] [EventProcessor[user-group]-0] com.zaxxer.hikari.pool.PoolBase          : HikariPool-1 - Failed to validate connection com.mysql.cj.jdbc.ConnectionImpl@4b3a9fe6 (No operations allowed after connection closed.). Possibly consider using a shorter maxLifetime value.
2025-12-28T17:15:21.693+01:00  WARN 22324 --- [user-service] [EventProcessor[address-lookup-group]-0] com.zaxxer.hikari.pool.PoolBase          : HikariPool-1 - Failed to validate connection com.mysql.cj.jdbc.ConnectionImpl@2d3616ac (No operations allowed after connection closed.). Possibly consider using a shorter maxLifetime value.
2025-12-28T17:15:21.694+01:00  WARN 22324 --- [user-service] [EventProcessor[user-group]-0] com.zaxxer.hikari.pool.PoolBase          : HikariPool-1 - Failed to validate connection com.mysql.cj.jdbc.ConnectionImpl@6c7e341e (No operations allowed after connection closed.). Possibly consider using a shorter maxLifetime value.
2025-12-28T17:15:22.853+01:00  INFO 22324 --- [user-service] [axon-connector-22324@DESKTOP-6GLV26S-1] i.a.a.c.impl.AxonServerManagedChannel    : Connection to AxonServer lost. Attempting to reconnect...
2025-12-28T17:15:22.860+01:00  INFO 22324 --- [user-service] [axon-connector-22324@DESKTOP-6GLV26S-1] i.a.a.c.impl.AxonServerManagedChannel    : Requesting connection details from localhost:8125
2025-12-28T17:15:22.864+01:00  WARN 22324 --- [user-service] [axon-connector-22324@DESKTOP-6GLV26S-1] i.a.a.c.impl.AxonServerManagedChannel    : Connecting to AxonServer node [localhost:8125] failed: UNAVAILABLE: io exception
2025-12-28T17:15:22.864+01:00  INFO 22324 --- [user-service] [axon-connector-22324@DESKTOP-6GLV26S-1] i.a.a.c.impl.AxonServerManagedChannel    : Failed to get connection to AxonServer. Scheduling a reconnect in 2000ms
2025-12-28T17:15:24.878+01:00  INFO 22324 --- [user-service] [axon-connector-22324@DESKTOP-6GLV26S-1] i.a.a.c.impl.AxonServerManagedChannel    : Connection to AxonServer lost. Attempting to reconnect...
2025-12-28T17:15:24.885+01:00  INFO 22324 --- [user-service] [axon-connector-22324@DESKTOP-6GLV26S-1] i.a.a.c.impl.AxonServerManagedChannel    : Requesting connection details from localhost:8125
2025-12-28T17:15:24.890+01:00  WARN 22324 --- [user-service] [axon-connector-22324@DESKTOP-6GLV26S-1] i.a.a.c.impl.AxonServerManagedChannel    : Connecting to AxonServer node [localhost:8125] failed: UNAVAILABLE: io exception
2025-12-28T17:15:24.890+01:00  INFO 22324 --- [user-service] [axon-connector-22324@DESKTOP-6GLV26S-1] i.a.a.c.impl.AxonServerManagedChannel    : Failed to get connection to AxonServer. Scheduling a reconnect in 2000ms
2025-12-28T17:15:26.892+01:00  INFO 22324 --- [user-service] [axon-connector-22324@DESKTOP-6GLV26S-1] i.a.a.c.impl.AxonServerManagedChannel    : Connection to AxonServer lost. Attempting to reconnect...
2025-12-28T17:15:26.899+01:00  INFO 22324 --- [user-service] [axon-connector-22324@DESKTOP-6GLV26S-1] i.a.a.c.impl.AxonServerManagedChannel    : Requesting connection details from localhost:8125
2025-12-28T17:15:26.922+01:00  WARN 22324 --- [user-service] [axon-connector-22324@DESKTOP-6GLV26S-1] i.a.a.c.impl.AxonServerManagedChannel    : Connecting to AxonServer node [localhost:8125] failed: UNAVAILABLE: Network closed for unknown reason
2025-12-28T17:15:26.922+01:00  INFO 22324 --- [user-service] [axon-connector-22324@DESKTOP-6GLV26S-1] i.a.a.c.impl.AxonServerManagedChannel    : Failed to get connection to AxonServer. Scheduling a reconnect in 2000ms
2025-12-28T17:15:28.931+01:00  INFO 22324 --- [user-service] [axon-connector-22324@DESKTOP-6GLV26S-1] i.a.a.c.impl.AxonServerManagedChannel    : Connection to AxonServer lost. Attempting to reconnect...
2025-12-28T17:15:28.940+01:00  INFO 22324 --- [user-service] [axon-connector-22324@DESKTOP-6GLV26S-1] i.a.a.c.impl.AxonServerManagedChannel    : Requesting connection details from localhost:8125
2025-12-28T17:15:28.949+01:00  WARN 22324 --- [user-service] [axon-connector-22324@DESKTOP-6GLV26S-1] i.a.a.c.impl.AxonServerManagedChannel    : Connecting to AxonServer node [localhost:8125] failed: UNAVAILABLE: Network closed for unknown reason
2025-12-28T17:15:28.950+01:00  INFO 22324 --- [user-service] [axon-connector-22324@DESKTOP-6GLV26S-1] i.a.a.c.impl.AxonServerManagedChannel    : Failed to get connection to AxonServer. Scheduling a reconnect in 2000ms
2025-12-28T17:15:30.964+01:00  INFO 22324 --- [user-service] [axon-connector-22324@DESKTOP-6GLV26S-0] i.a.a.c.impl.AxonServerManagedChannel    : Connection to AxonServer lost. Attempting to reconnect...
2025-12-28T17:15:30.973+01:00  INFO 22324 --- [user-service] [axon-connector-22324@DESKTOP-6GLV26S-0] i.a.a.c.impl.AxonServerManagedChannel    : Requesting connection details from localhost:8125
2025-12-28T17:15:30.981+01:00  WARN 22324 --- [user-service] [axon-connector-22324@DESKTOP-6GLV26S-0] i.a.a.c.impl.AxonServerManagedChannel    : Connecting to AxonServer node [localhost:8125] failed: UNAVAILABLE: Network closed for unknown reason
2025-12-28T17:15:30.981+01:00  INFO 22324 --- [user-service] [axon-connector-22324@DESKTOP-6GLV26S-0] i.a.a.c.impl.AxonServerManagedChannel    : Failed to get connection to AxonServer. Scheduling a reconnect in 2000ms
2025-12-28T17:15:32.985+01:00  INFO 22324 --- [user-service] [axon-connector-22324@DESKTOP-6GLV26S-1] i.a.a.c.impl.AxonServerManagedChannel    : Connection to AxonServer lost. Attempting to reconnect...
2025-12-28T17:15:32.994+01:00  INFO 22324 --- [user-service] [axon-connector-22324@DESKTOP-6GLV26S-1] i.a.a.c.impl.AxonServerManagedChannel    : Requesting connection details from localhost:8125
2025-12-28T17:15:33.003+01:00  WARN 22324 --- [user-service] [axon-connector-22324@DESKTOP-6GLV26S-1] i.a.a.c.impl.AxonServerManagedChannel    : Connecting to AxonServer node [localhost:8125] failed: UNAVAILABLE: Network closed for unknown reason
2025-12-28T17:15:33.004+01:00  INFO 22324 --- [user-service] [axon-connector-22324@DESKTOP-6GLV26S-1] i.a.a.c.impl.AxonServerManagedChannel    : Failed to get connection to AxonServer. Scheduling a reconnect in 2000ms
2025-12-28T17:15:35.019+01:00  INFO 22324 --- [user-service] [axon-connector-22324@DESKTOP-6GLV26S-1] i.a.a.c.impl.AxonServerManagedChannel    : Connection to AxonServer lost. Attempting to reconnect...
2025-12-28T17:15:35.030+01:00  INFO 22324 --- [user-service] [axon-connector-22324@DESKTOP-6GLV26S-1] i.a.a.c.impl.AxonServerManagedChannel    : Requesting connection details from localhost:8125
2025-12-28T17:15:35.038+01:00  WARN 22324 --- [user-service] [axon-connector-22324@DESKTOP-6GLV26S-1] i.a.a.c.impl.AxonServerManagedChannel    : Connecting to AxonServer node [localhost:8125] failed: UNAVAILABLE: Network closed for unknown reason
2025-12-28T17:15:35.038+01:00  INFO 22324 --- [user-service] [axon-connector-22324@DESKTOP-6GLV26S-1] i.a.a.c.impl.AxonServerManagedChannel    : Failed to get connection to AxonServer. Scheduling a reconnect in 2000ms
2025-12-28T17:15:37.050+01:00  INFO 22324 --- [user-service] [axon-connector-22324@DESKTOP-6GLV26S-1] i.a.a.c.impl.AxonServerManagedChannel    : Connection to AxonServer lost. Attempting to reconnect...
2025-12-28T17:15:37.061+01:00  INFO 22324 --- [user-service] [axon-connector-22324@DESKTOP-6GLV26S-1] i.a.a.c.impl.AxonServerManagedChannel    : Requesting connection details from localhost:8125
2025-12-28T17:15:37.108+01:00  WARN 22324 --- [user-service] [axon-connector-22324@DESKTOP-6GLV26S-1] i.a.a.c.impl.AxonServerManagedChannel    : Connecting to AxonServer node [localhost:8125] failed: UNAVAILABLE: Network closed for unknown reason
2025-12-28T17:15:37.109+01:00  INFO 22324 --- [user-service] [axon-connector-22324@DESKTOP-6GLV26S-1] i.a.a.c.impl.AxonServerManagedChannel    : Failed to get connection to AxonServer. Scheduling a reconnect in 2000ms
2025-12-28T17:15:38.876+01:00  INFO 22324 --- [user-service] [EventProcessor[address-lookup-group]-0] o.a.e.TrackingEventProcessor             : Fetched token: IndexTrackingToken{globalIndex=8} for segment: Segment[0/0]
2025-12-28T17:15:38.898+01:00  INFO 22324 --- [user-service] [EventProcessor[user-group]-0] o.a.e.TrackingEventProcessor             : Fetched token: IndexTrackingToken{globalIndex=8} for segment: Segment[0/0]
2025-12-28T17:15:38.898+01:00  WARN 22324 --- [user-service] [EventProcessor[address-lookup-group]-0] o.a.e.TrackingEventProcessor             : Releasing claim on token and preparing for retry in 16s
2025-12-28T17:15:38.908+01:00  WARN 22324 --- [user-service] [EventProcessor[user-group]-0] o.a.e.TrackingEventProcessor             : Releasing claim on token and preparing for retry in 16s
2025-12-28T17:15:39.003+01:00  INFO 22324 --- [user-service] [EventProcessor[address-lookup-group]-0] o.a.e.TrackingEventProcessor             : Released claim
2025-12-28T17:15:39.032+01:00  INFO 22324 --- [user-service] [EventProcessor[user-group]-0] o.a.e.TrackingEventProcessor             : Released claim
2025-12-28T17:15:39.120+01:00  INFO 22324 --- [user-service] [axon-connector-22324@DESKTOP-6GLV26S-1] i.a.a.c.impl.AxonServerManagedChannel    : Connection to AxonServer lost. Attempting to reconnect...
2025-12-28T17:15:39.129+01:00  INFO 22324 --- [user-service] [axon-connector-22324@DESKTOP-6GLV26S-1] i.a.a.c.impl.AxonServerManagedChannel    : Requesting connection details from localhost:8125
2025-12-28T17:15:39.136+01:00  WARN 22324 --- [user-service] [axon-connector-22324@DESKTOP-6GLV26S-1] i.a.a.c.impl.AxonServerManagedChannel    : Connecting to AxonServer node [localhost:8125] failed: UNAVAILABLE: Network closed for unknown reason
2025-12-28T17:15:39.136+01:00  INFO 22324 --- [user-service] [axon-connector-22324@DESKTOP-6GLV26S-1] i.a.a.c.impl.AxonServerManagedChannel    : Failed to get connection to AxonServer. Scheduling a reconnect in 2000ms
2025-12-28T17:15:41.138+01:00  INFO 22324 --- [user-service] [axon-connector-22324@DESKTOP-6GLV26S-1] i.a.a.c.impl.AxonServerManagedChannel    : Connection to AxonServer lost. Attempting to reconnect...
2025-12-28T17:15:41.146+01:00  INFO 22324 --- [user-service] [axon-connector-22324@DESKTOP-6GLV26S-1] i.a.a.c.impl.AxonServerManagedChannel    : Requesting connection details from localhost:8125
2025-12-28T17:15:41.154+01:00  WARN 22324 --- [user-service] [axon-connector-22324@DESKTOP-6GLV26S-1] i.a.a.c.impl.AxonServerManagedChannel    : Connecting to AxonServer node [localhost:8125] failed: UNAVAILABLE: Network closed for unknown reason
2025-12-28T17:15:41.154+01:00  INFO 22324 --- [user-service] [axon-connector-22324@DESKTOP-6GLV26S-1] i.a.a.c.impl.AxonServerManagedChannel    : Failed to get connection to AxonServer. Scheduling a reconnect in 2000ms
2025-12-28T17:15:43.163+01:00  INFO 22324 --- [user-service] [axon-connector-22324@DESKTOP-6GLV26S-0] i.a.a.c.impl.AxonServerManagedChannel    : Connection to AxonServer lost. Attempting to reconnect...
2025-12-28T17:15:43.170+01:00  INFO 22324 --- [user-service] [axon-connector-22324@DESKTOP-6GLV26S-0] i.a.a.c.impl.AxonServerManagedChannel    : Requesting connection details from localhost:8125
2025-12-28T17:15:43.179+01:00  WARN 22324 --- [user-service] [axon-connector-22324@DESKTOP-6GLV26S-0] i.a.a.c.impl.AxonServerManagedChannel    : Connecting to AxonServer node [localhost:8125] failed: UNAVAILABLE: Network closed for unknown reason
2025-12-28T17:15:43.179+01:00  INFO 22324 --- [user-service] [axon-connector-22324@DESKTOP-6GLV26S-0] i.a.a.c.impl.AxonServerManagedChannel    : Failed to get connection to AxonServer. Scheduling a reconnect in 2000ms
2025-12-28T17:15:45.189+01:00  INFO 22324 --- [user-service] [axon-connector-22324@DESKTOP-6GLV26S-0] i.a.a.c.impl.AxonServerManagedChannel    : Connection to AxonServer lost. Attempting to reconnect...
2025-12-28T17:15:45.199+01:00  INFO 22324 --- [user-service] [axon-connector-22324@DESKTOP-6GLV26S-0] i.a.a.c.impl.AxonServerManagedChannel    : Requesting connection details from localhost:8125
2025-12-28T17:15:45.213+01:00  WARN 22324 --- [user-service] [axon-connector-22324@DESKTOP-6GLV26S-0] i.a.a.c.impl.AxonServerManagedChannel    : Connecting to AxonServer node [localhost:8125] failed: UNAVAILABLE: Network closed for unknown reason
2025-12-28T17:15:45.213+01:00  INFO 22324 --- [user-service] [axon-connector-22324@DESKTOP-6GLV26S-0] i.a.a.c.impl.AxonServerManagedChannel    : Failed to get connection to AxonServer. Scheduling a reconnect in 2000ms
2025-12-28T17:15:47.223+01:00  INFO 22324 --- [user-service] [axon-connector-22324@DESKTOP-6GLV26S-0] i.a.a.c.impl.AxonServerManagedChannel    : Connection to AxonServer lost. Attempting to reconnect...
2025-12-28T17:15:47.230+01:00  INFO 22324 --- [user-service] [axon-connector-22324@DESKTOP-6GLV26S-0] i.a.a.c.impl.AxonServerManagedChannel    : Requesting connection details from localhost:8125
2025-12-28T17:15:47.237+01:00  WARN 22324 --- [user-service] [axon-connector-22324@DESKTOP-6GLV26S-0] i.a.a.c.impl.AxonServerManagedChannel    : Connecting to AxonServer node [localhost:8125] failed: UNAVAILABLE: Network closed for unknown reason
2025-12-28T17:15:47.237+01:00  INFO 22324 --- [user-service] [axon-connector-22324@DESKTOP-6GLV26S-0] i.a.a.c.impl.AxonServerManagedChannel    : Failed to get connection to AxonServer. Scheduling a reconnect in 2000ms
2025-12-28T17:15:49.249+01:00  INFO 22324 --- [user-service] [axon-connector-22324@DESKTOP-6GLV26S-0] i.a.a.c.impl.AxonServerManagedChannel    : Connection to AxonServer lost. Attempting to reconnect...
2025-12-28T17:15:49.261+01:00  INFO 22324 --- [user-service] [axon-connector-22324@DESKTOP-6GLV26S-0] i.a.a.c.impl.AxonServerManagedChannel    : Requesting connection details from localhost:8125
2025-12-28T17:15:49.281+01:00  WARN 22324 --- [user-service] [axon-connector-22324@DESKTOP-6GLV26S-0] i.a.a.c.impl.AxonServerManagedChannel    : Connecting to AxonServer node [localhost:8125] failed: UNAVAILABLE: Network closed for unknown reason
2025-12-28T17:15:49.281+01:00  INFO 22324 --- [user-service] [axon-connector-22324@DESKTOP-6GLV26S-0] i.a.a.c.impl.AxonServerManagedChannel    : Failed to get connection to AxonServer. Scheduling a reconnect in 2000ms
2025-12-28T17:15:51.284+01:00  INFO 22324 --- [user-service] [axon-connector-22324@DESKTOP-6GLV26S-1] i.a.a.c.impl.AxonServerManagedChannel    : Connection to AxonServer lost. Attempting to reconnect...
2025-12-28T17:15:51.292+01:00  INFO 22324 --- [user-service] [axon-connector-22324@DESKTOP-6GLV26S-1] i.a.a.c.impl.AxonServerManagedChannel    : Requesting connection details from localhost:8125
2025-12-28T17:15:51.306+01:00  WARN 22324 --- [user-service] [axon-connector-22324@DESKTOP-6GLV26S-1] i.a.a.c.impl.AxonServerManagedChannel    : Connecting to AxonServer node [localhost:8125] failed: UNAVAILABLE: Network closed for unknown reason
2025-12-28T17:15:51.306+01:00  INFO 22324 --- [user-service] [axon-connector-22324@DESKTOP-6GLV26S-1] i.a.a.c.impl.AxonServerManagedChannel    : Failed to get connection to AxonServer. Scheduling a reconnect in 2000ms
2025-12-28T17:15:53.312+01:00  INFO 22324 --- [user-service] [axon-connector-22324@DESKTOP-6GLV26S-1] i.a.a.c.impl.AxonServerManagedChannel    : Connection to AxonServer lost. Attempting to reconnect...
2025-12-28T17:15:53.319+01:00  INFO 22324 --- [user-service] [axon-connector-22324@DESKTOP-6GLV26S-1] i.a.a.c.impl.AxonServerManagedChannel    : Requesting connection details from localhost:8125
2025-12-28T17:15:53.332+01:00  WARN 22324 --- [user-service] [axon-connector-22324@DESKTOP-6GLV26S-1] i.a.a.c.impl.AxonServerManagedChannel    : Connecting to AxonServer node [localhost:8125] failed: UNAVAILABLE: Network closed for unknown reason
2025-12-28T17:15:53.332+01:00  INFO 22324 --- [user-service] [axon-connector-22324@DESKTOP-6GLV26S-1] i.a.a.c.impl.AxonServerManagedChannel    : Failed to get connection to AxonServer. Scheduling a reconnect in 2000ms
2025-12-28T17:15:55.044+01:00  INFO 22324 --- [user-service] [EventProcessor[address-lookup-group]-0] o.a.e.TrackingEventProcessor             : Fetched token: IndexTrackingToken{globalIndex=8} for segment: Segment[0/0]
2025-12-28T17:15:55.047+01:00  WARN 22324 --- [user-service] [EventProcessor[address-lookup-group]-0] o.a.e.TrackingEventProcessor             : Releasing claim on token and preparing for retry in 32s
2025-12-28T17:15:55.083+01:00  INFO 22324 --- [user-service] [EventProcessor[user-group]-0] o.a.e.TrackingEventProcessor             : Fetched token: IndexTrackingToken{globalIndex=8} for segment: Segment[0/0]
2025-12-28T17:15:55.086+01:00  WARN 22324 --- [user-service] [EventProcessor[user-group]-0] o.a.e.TrackingEventProcessor             : Releasing claim on token and preparing for retry in 32s
2025-12-28T17:15:55.087+01:00  INFO 22324 --- [user-service] [EventProcessor[address-lookup-group]-0] o.a.e.TrackingEventProcessor             : Released claim
2025-12-28T17:15:55.100+01:00  INFO 22324 --- [user-service] [EventProcessor[user-group]-0] o.a.e.TrackingEventProcessor             : Released claim
2025-12-28T17:15:55.333+01:00  INFO 22324 --- [user-service] [axon-connector-22324@DESKTOP-6GLV26S-1] i.a.a.c.impl.AxonServerManagedChannel    : Connection to AxonServer lost. Attempting to reconnect...
2025-12-28T17:15:55.341+01:00  INFO 22324 --- [user-service] [axon-connector-22324@DESKTOP-6GLV26S-1] i.a.a.c.impl.AxonServerManagedChannel    : Requesting connection details from localhost:8125
2025-12-28T17:15:55.349+01:00  WARN 22324 --- [user-service] [axon-connector-22324@DESKTOP-6GLV26S-1] i.a.a.c.impl.AxonServerManagedChannel    : Connecting to AxonServer node [localhost:8125] failed: UNAVAILABLE: Network closed for unknown reason
2025-12-28T17:15:55.349+01:00  INFO 22324 --- [user-service] [axon-connector-22324@DESKTOP-6GLV26S-1] i.a.a.c.impl.AxonServerManagedChannel    : Failed to get connection to AxonServer. Scheduling a reconnect in 2000ms
2025-12-28T17:15:57.351+01:00  INFO 22324 --- [user-service] [axon-connector-22324@DESKTOP-6GLV26S-0] i.a.a.c.impl.AxonServerManagedChannel    : Connection to AxonServer lost. Attempting to reconnect...
2025-12-28T17:15:57.358+01:00  INFO 22324 --- [user-service] [axon-connector-22324@DESKTOP-6GLV26S-0] i.a.a.c.impl.AxonServerManagedChannel    : Requesting connection details from localhost:8125
2025-12-28T17:15:57.367+01:00  WARN 22324 --- [user-service] [axon-connector-22324@DESKTOP-6GLV26S-0] i.a.a.c.impl.AxonServerManagedChannel    : Connecting to AxonServer node [localhost:8125] failed: UNAVAILABLE: Network closed for unknown reason
2025-12-28T17:15:57.367+01:00  INFO 22324 --- [user-service] [axon-connector-22324@DESKTOP-6GLV26S-0] i.a.a.c.impl.AxonServerManagedChannel    : Failed to get connection to AxonServer. Scheduling a reconnect in 2000ms
2025-12-28T17:15:59.379+01:00  INFO 22324 --- [user-service] [axon-connector-22324@DESKTOP-6GLV26S-1] i.a.a.c.impl.AxonServerManagedChannel    : Connection to AxonServer lost. Attempting to reconnect...
2025-12-28T17:15:59.387+01:00  INFO 22324 --- [user-service] [axon-connector-22324@DESKTOP-6GLV26S-1] i.a.a.c.impl.AxonServerManagedChannel    : Requesting connection details from localhost:8125
2025-12-28T17:15:59.408+01:00  WARN 22324 --- [user-service] [axon-connector-22324@DESKTOP-6GLV26S-1] i.a.a.c.impl.AxonServerManagedChannel    : Connecting to AxonServer node [localhost:8125] failed: UNAVAILABLE: Network closed for unknown reason
2025-12-28T17:15:59.409+01:00  INFO 22324 --- [user-service] [axon-connector-22324@DESKTOP-6GLV26S-1] i.a.a.c.impl.AxonServerManagedChannel    : Failed to get connection to AxonServer. Scheduling a reconnect in 2000ms
2025-12-28T17:16:01.415+01:00  INFO 22324 --- [user-service] [axon-connector-22324@DESKTOP-6GLV26S-0] i.a.a.c.impl.AxonServerManagedChannel    : Connection to AxonServer lost. Attempting to reconnect...
2025-12-28T17:16:01.425+01:00  INFO 22324 --- [user-service] [axon-connector-22324@DESKTOP-6GLV26S-0] i.a.a.c.impl.AxonServerManagedChannel    : Requesting connection details from localhost:8125
2025-12-28T17:16:01.433+01:00  WARN 22324 --- [user-service] [axon-connector-22324@DESKTOP-6GLV26S-0] i.a.a.c.impl.AxonServerManagedChannel    : Connecting to AxonServer node [localhost:8125] failed: UNAVAILABLE: Network closed for unknown reason
2025-12-28T17:16:01.433+01:00  INFO 22324 --- [user-service] [axon-connector-22324@DESKTOP-6GLV26S-0] i.a.a.c.impl.AxonServerManagedChannel    : Failed to get connection to AxonServer. Scheduling a reconnect in 2000ms
2025-12-28T17:16:03.435+01:00  INFO 22324 --- [user-service] [axon-connector-22324@DESKTOP-6GLV26S-1] i.a.a.c.impl.AxonServerManagedChannel    : Connection to AxonServer lost. Attempting to reconnect...
2025-12-28T17:16:03.444+01:00  INFO 22324 --- [user-service] [axon-connector-22324@DESKTOP-6GLV26S-1] i.a.a.c.impl.AxonServerManagedChannel    : Requesting connection details from localhost:8125
2025-12-28T17:16:03.454+01:00  WARN 22324 --- [user-service] [axon-connector-22324@DESKTOP-6GLV26S-1] i.a.a.c.impl.AxonServerManagedChannel    : Connecting to AxonServer node [localhost:8125] failed: UNAVAILABLE: Network closed for unknown reason
2025-12-28T17:16:03.454+01:00  INFO 22324 --- [user-service] [axon-connector-22324@DESKTOP-6GLV26S-1] i.a.a.c.impl.AxonServerManagedChannel    : Failed to get connection to AxonServer. Scheduling a reconnect in 2000ms
2025-12-28T17:16:05.469+01:00  INFO 22324 --- [user-service] [axon-connector-22324@DESKTOP-6GLV26S-1] i.a.a.c.impl.AxonServerManagedChannel    : Connection to AxonServer lost. Attempting to reconnect...
2025-12-28T17:16:05.478+01:00  INFO 22324 --- [user-service] [axon-connector-22324@DESKTOP-6GLV26S-1] i.a.a.c.impl.AxonServerManagedChannel    : Requesting connection details from localhost:8125
2025-12-28T17:16:05.486+01:00  WARN 22324 --- [user-service] [axon-connector-22324@DESKTOP-6GLV26S-1] i.a.a.c.impl.AxonServerManagedChannel    : Connecting to AxonServer node [localhost:8125] failed: UNAVAILABLE: Network closed for unknown reason
2025-12-28T17:16:05.486+01:00  INFO 22324 --- [user-service] [axon-connector-22324@DESKTOP-6GLV26S-1] i.a.a.c.impl.AxonServerManagedChannel    : Failed to get connection to AxonServer. Scheduling a reconnect in 2000ms
2025-12-28T17:16:07.488+01:00  INFO 22324 --- [user-service] [axon-connector-22324@DESKTOP-6GLV26S-1] i.a.a.c.impl.AxonServerManagedChannel    : Connection to AxonServer lost. Attempting to reconnect...
2025-12-28T17:16:07.498+01:00  INFO 22324 --- [user-service] [axon-connector-22324@DESKTOP-6GLV26S-1] i.a.a.c.impl.AxonServerManagedChannel    : Requesting connection details from localhost:8125
2025-12-28T17:16:07.512+01:00  WARN 22324 --- [user-service] [axon-connector-22324@DESKTOP-6GLV26S-1] i.a.a.c.impl.AxonServerManagedChannel    : Connecting to AxonServer node [localhost:8125] failed: UNAVAILABLE: Network closed for unknown reason
2025-12-28T17:16:07.512+01:00  INFO 22324 --- [user-service] [axon-connector-22324@DESKTOP-6GLV26S-1] i.a.a.c.impl.AxonServerManagedChannel    : Failed to get connection to AxonServer. Scheduling a reconnect in 2000ms
2025-12-28T17:16:09.520+01:00  INFO 22324 --- [user-service] [axon-connector-22324@DESKTOP-6GLV26S-1] i.a.a.c.impl.AxonServerManagedChannel    : Connection to AxonServer lost. Attempting to reconnect...
2025-12-28T17:16:09.529+01:00  INFO 22324 --- [user-service] [axon-connector-22324@DESKTOP-6GLV26S-1] i.a.a.c.impl.AxonServerManagedChannel    : Requesting connection details from localhost:8125
2025-12-28T17:16:09.550+01:00  WARN 22324 --- [user-service] [axon-connector-22324@DESKTOP-6GLV26S-1] i.a.a.c.impl.AxonServerManagedChannel    : Connecting to AxonServer node [localhost:8125] failed: UNAVAILABLE: Network closed for unknown reason
2025-12-28T17:16:09.550+01:00  INFO 22324 --- [user-service] [axon-connector-22324@DESKTOP-6GLV26S-1] i.a.a.c.impl.AxonServerManagedChannel    : Failed to get connection to AxonServer. Scheduling a reconnect in 2000ms
2025-12-28T17:16:11.554+01:00  INFO 22324 --- [user-service] [axon-connector-22324@DESKTOP-6GLV26S-0] i.a.a.c.impl.AxonServerManagedChannel    : Connection to AxonServer lost. Attempting to reconnect...
2025-12-28T17:16:11.562+01:00  INFO 22324 --- [user-service] [axon-connector-22324@DESKTOP-6GLV26S-0] i.a.a.c.impl.AxonServerManagedChannel    : Requesting connection details from localhost:8125
2025-12-28T17:16:11.579+01:00  WARN 22324 --- [user-service] [axon-connector-22324@DESKTOP-6GLV26S-0] i.a.a.c.impl.AxonServerManagedChannel    : Connecting to AxonServer node [localhost:8125] failed: UNAVAILABLE: Network closed for unknown reason
2025-12-28T17:16:11.579+01:00  INFO 22324 --- [user-service] [axon-connector-22324@DESKTOP-6GLV26S-0] i.a.a.c.impl.AxonServerManagedChannel    : Failed to get connection to AxonServer. Scheduling a reconnect in 2000ms
2025-12-28T17:16:13.595+01:00  INFO 22324 --- [user-service] [axon-connector-22324@DESKTOP-6GLV26S-0] i.a.a.c.impl.AxonServerManagedChannel    : Connection to AxonServer lost. Attempting to reconnect...
2025-12-28T17:16:13.603+01:00  INFO 22324 --- [user-service] [axon-connector-22324@DESKTOP-6GLV26S-0] i.a.a.c.impl.AxonServerManagedChannel    : Requesting connection details from localhost:8125
2025-12-28T17:16:13.614+01:00  WARN 22324 --- [user-service] [axon-connector-22324@DESKTOP-6GLV26S-0] i.a.a.c.impl.AxonServerManagedChannel    : Connecting to AxonServer node [localhost:8125] failed: UNAVAILABLE: Network closed for unknown reason
2025-12-28T17:16:13.614+01:00  INFO 22324 --- [user-service] [axon-connector-22324@DESKTOP-6GLV26S-0] i.a.a.c.impl.AxonServerManagedChannel    : Failed to get connection to AxonServer. Scheduling a reconnect in 2000ms
2025-12-28T17:16:15.616+01:00  INFO 22324 --- [user-service] [axon-connector-22324@DESKTOP-6GLV26S-1] i.a.a.c.impl.AxonServerManagedChannel    : Connection to AxonServer lost. Attempting to reconnect...
2025-12-28T17:16:15.627+01:00  INFO 22324 --- [user-service] [axon-connector-22324@DESKTOP-6GLV26S-1] i.a.a.c.impl.AxonServerManagedChannel    : Requesting connection details from localhost:8125
2025-12-28T17:16:15.644+01:00  WARN 22324 --- [user-service] [axon-connector-22324@DESKTOP-6GLV26S-1] i.a.a.c.impl.AxonServerManagedChannel    : Connecting to AxonServer node [localhost:8125] failed: UNAVAILABLE: Network closed for unknown reason
2025-12-28T17:16:15.645+01:00  INFO 22324 --- [user-service] [axon-connector-22324@DESKTOP-6GLV26S-1] i.a.a.c.impl.AxonServerManagedChannel    : Failed to get connection to AxonServer. Scheduling a reconnect in 2000ms
2025-12-28T17:16:17.652+01:00  INFO 22324 --- [user-service] [axon-connector-22324@DESKTOP-6GLV26S-1] i.a.a.c.impl.AxonServerManagedChannel    : Connection to AxonServer lost. Attempting to reconnect...
2025-12-28T17:16:17.665+01:00  INFO 22324 --- [user-service] [axon-connector-22324@DESKTOP-6GLV26S-1] i.a.a.c.impl.AxonServerManagedChannel    : Requesting connection details from localhost:8125
2025-12-28T17:16:17.680+01:00  WARN 22324 --- [user-service] [axon-connector-22324@DESKTOP-6GLV26S-1] i.a.a.c.impl.AxonServerManagedChannel    : Connecting to AxonServer node [localhost:8125] failed: UNAVAILABLE: Network closed for unknown reason
2025-12-28T17:16:17.680+01:00  INFO 22324 --- [user-service] [axon-connector-22324@DESKTOP-6GLV26S-1] i.a.a.c.impl.AxonServerManagedChannel    : Failed to get connection to AxonServer. Scheduling a reconnect in 2000ms
2025-12-28T17:16:19.688+01:00  INFO 22324 --- [user-service] [axon-connector-22324@DESKTOP-6GLV26S-0] i.a.a.c.impl.AxonServerManagedChannel    : Connection to AxonServer lost. Attempting to reconnect...
2025-12-28T17:16:19.698+01:00  INFO 22324 --- [user-service] [axon-connector-22324@DESKTOP-6GLV26S-0] i.a.a.c.impl.AxonServerManagedChannel    : Requesting connection details from localhost:8125
2025-12-28T17:16:19.737+01:00  WARN 22324 --- [user-service] [axon-connector-22324@DESKTOP-6GLV26S-0] i.a.a.c.impl.AxonServerManagedChannel    : Connecting to AxonServer node [localhost:8125] failed: UNAVAILABLE: Network closed for unknown reason
2025-12-28T17:16:19.737+01:00  INFO 22324 --- [user-service] [axon-connector-22324@DESKTOP-6GLV26S-0] i.a.a.c.impl.AxonServerManagedChannel    : Failed to get connection to AxonServer. Scheduling a reconnect in 2000ms
2025-12-28T17:16:21.741+01:00  INFO 22324 --- [user-service] [axon-connector-22324@DESKTOP-6GLV26S-0] i.a.a.c.impl.AxonServerManagedChannel    : Connection to AxonServer lost. Attempting to reconnect...
2025-12-28T17:16:21.749+01:00  INFO 22324 --- [user-service] [axon-connector-22324@DESKTOP-6GLV26S-0] i.a.a.c.impl.AxonServerManagedChannel    : Requesting connection details from localhost:8125
2025-12-28T17:16:21.763+01:00  WARN 22324 --- [user-service] [axon-connector-22324@DESKTOP-6GLV26S-0] i.a.a.c.impl.AxonServerManagedChannel    : Connecting to AxonServer node [localhost:8125] failed: UNAVAILABLE: Network closed for unknown reason
2025-12-28T17:16:21.763+01:00  INFO 22324 --- [user-service] [axon-connector-22324@DESKTOP-6GLV26S-0] i.a.a.c.impl.AxonServerManagedChannel    : Failed to get connection to AxonServer. Scheduling a reconnect in 2000ms
2025-12-28T17:16:21.849+01:00  INFO 22324 --- [user-service] [AsyncResolver-bootstrap-executor-%d] c.n.d.s.r.aws.ConfigClusterResolver      : Resolving eureka endpoints via configuration
2025-12-28T17:16:23.778+01:00  INFO 22324 --- [user-service] [axon-connector-22324@DESKTOP-6GLV26S-1] i.a.a.c.impl.AxonServerManagedChannel    : Connection to AxonServer lost. Attempting to reconnect...
2025-12-28T17:16:23.787+01:00  INFO 22324 --- [user-service] [axon-connector-22324@DESKTOP-6GLV26S-1] i.a.a.c.impl.AxonServerManagedChannel    : Requesting connection details from localhost:8125
2025-12-28T17:16:23.809+01:00  WARN 22324 --- [user-service] [axon-connector-22324@DESKTOP-6GLV26S-1] i.a.a.c.impl.AxonServerManagedChannel    : Connecting to AxonServer node [localhost:8125] failed: UNAVAILABLE: Network closed for unknown reason
2025-12-28T17:16:23.809+01:00  INFO 22324 --- [user-service] [axon-connector-22324@DESKTOP-6GLV26S-1] i.a.a.c.impl.AxonServerManagedChannel    : Failed to get connection to AxonServer. Scheduling a reconnect in 2000ms
2025-12-28T17:16:25.818+01:00  INFO 22324 --- [user-service] [axon-connector-22324@DESKTOP-6GLV26S-1] i.a.a.c.impl.AxonServerManagedChannel    : Connection to AxonServer lost. Attempting to reconnect...
2025-12-28T17:16:25.826+01:00  INFO 22324 --- [user-service] [axon-connector-22324@DESKTOP-6GLV26S-1] i.a.a.c.impl.AxonServerManagedChannel    : Requesting connection details from localhost:8125
2025-12-28T17:16:25.836+01:00  WARN 22324 --- [user-service] [axon-connector-22324@DESKTOP-6GLV26S-1] i.a.a.c.impl.AxonServerManagedChannel    : Connecting to AxonServer node [localhost:8125] failed: UNAVAILABLE: Network closed for unknown reason
2025-12-28T17:16:25.836+01:00  INFO 22324 --- [user-service] [axon-connector-22324@DESKTOP-6GLV26S-1] i.a.a.c.impl.AxonServerManagedChannel    : Failed to get connection to AxonServer. Scheduling a reconnect in 2000ms
2025-12-28T17:16:27.366+01:00  INFO 22324 --- [user-service] [EventProcessor[user-group]-0] o.a.e.TrackingEventProcessor             : Fetched token: IndexTrackingToken{globalIndex=8} for segment: Segment[0/0]
2025-12-28T17:16:27.367+01:00  INFO 22324 --- [user-service] [EventProcessor[address-lookup-group]-0] o.a.e.TrackingEventProcessor             : Fetched token: IndexTrackingToken{globalIndex=8} for segment: Segment[0/0]
2025-12-28T17:16:27.373+01:00  WARN 22324 --- [user-service] [EventProcessor[user-group]-0] o.a.e.TrackingEventProcessor             : Releasing claim on token and preparing for retry in 60s
2025-12-28T17:16:27.375+01:00  WARN 22324 --- [user-service] [EventProcessor[address-lookup-group]-0] o.a.e.TrackingEventProcessor             : Releasing claim on token and preparing for retry in 60s
2025-12-28T17:16:27.396+01:00  INFO 22324 --- [user-service] [EventProcessor[address-lookup-group]-0] o.a.e.TrackingEventProcessor             : Released claim
2025-12-28T17:16:27.428+01:00  INFO 22324 --- [user-service] [EventProcessor[user-group]-0] o.a.e.TrackingEventProcessor             : Released claim
2025-12-28T17:16:27.842+01:00  INFO 22324 --- [user-service] [axon-connector-22324@DESKTOP-6GLV26S-1] i.a.a.c.impl.AxonServerManagedChannel    : Connection to AxonServer lost. Attempting to reconnect...
2025-12-28T17:16:27.850+01:00  INFO 22324 --- [user-service] [axon-connector-22324@DESKTOP-6GLV26S-1] i.a.a.c.impl.AxonServerManagedChannel    : Requesting connection details from localhost:8125
2025-12-28T17:16:27.862+01:00  WARN 22324 --- [user-service] [axon-connector-22324@DESKTOP-6GLV26S-1] i.a.a.c.impl.AxonServerManagedChannel    : Connecting to AxonServer node [localhost:8125] failed: UNAVAILABLE: Network closed for unknown reason
2025-12-28T17:16:27.862+01:00  INFO 22324 --- [user-service] [axon-connector-22324@DESKTOP-6GLV26S-1] i.a.a.c.impl.AxonServerManagedChannel    : Failed to get connection to AxonServer. Scheduling a reconnect in 2000ms
2025-12-28T17:16:29.874+01:00  INFO 22324 --- [user-service] [axon-connector-22324@DESKTOP-6GLV26S-0] i.a.a.c.impl.AxonServerManagedChannel    : Connection to AxonServer lost. Attempting to reconnect...
2025-12-28T17:16:29.882+01:00  INFO 22324 --- [user-service] [axon-connector-22324@DESKTOP-6GLV26S-0] i.a.a.c.impl.AxonServerManagedChannel    : Requesting connection details from localhost:8125
2025-12-28T17:16:29.893+01:00  WARN 22324 --- [user-service] [axon-connector-22324@DESKTOP-6GLV26S-0] i.a.a.c.impl.AxonServerManagedChannel    : Connecting to AxonServer node [localhost:8125] failed: UNAVAILABLE: Network closed for unknown reason
2025-12-28T17:16:29.894+01:00  INFO 22324 --- [user-service] [axon-connector-22324@DESKTOP-6GLV26S-0] i.a.a.c.impl.AxonServerManagedChannel    : Failed to get connection to AxonServer. Scheduling a reconnect in 2000ms
2025-12-28T17:16:31.894+01:00  INFO 22324 --- [user-service] [axon-connector-22324@DESKTOP-6GLV26S-1] i.a.a.c.impl.AxonServerManagedChannel    : Connection to AxonServer lost. Attempting to reconnect...
2025-12-28T17:16:31.901+01:00  INFO 22324 --- [user-service] [axon-connector-22324@DESKTOP-6GLV26S-1] i.a.a.c.impl.AxonServerManagedChannel    : Requesting connection details from localhost:8125
2025-12-28T17:16:31.911+01:00  WARN 22324 --- [user-service] [axon-connector-22324@DESKTOP-6GLV26S-1] i.a.a.c.impl.AxonServerManagedChannel    : Connecting to AxonServer node [localhost:8125] failed: UNAVAILABLE: Network closed for unknown reason
2025-12-28T17:16:31.911+01:00  INFO 22324 --- [user-service] [axon-connector-22324@DESKTOP-6GLV26S-1] i.a.a.c.impl.AxonServerManagedChannel    : Failed to get connection to AxonServer. Scheduling a reconnect in 2000ms
2025-12-28T17:16:33.924+01:00  INFO 22324 --- [user-service] [axon-connector-22324@DESKTOP-6GLV26S-1] i.a.a.c.impl.AxonServerManagedChannel    : Connection to AxonServer lost. Attempting to reconnect...
2025-12-28T17:16:33.956+01:00  INFO 22324 --- [user-service] [axon-connector-22324@DESKTOP-6GLV26S-1] i.a.a.c.impl.AxonServerManagedChannel    : Requesting connection details from localhost:8125
2025-12-28T17:16:33.966+01:00  WARN 22324 --- [user-service] [axon-connector-22324@DESKTOP-6GLV26S-1] i.a.a.c.impl.AxonServerManagedChannel    : Connecting to AxonServer node [localhost:8125] failed: UNAVAILABLE: Network closed for unknown reason
2025-12-28T17:16:33.967+01:00  INFO 22324 --- [user-service] [axon-connector-22324@DESKTOP-6GLV26S-1] i.a.a.c.impl.AxonServerManagedChannel    : Failed to get connection to AxonServer. Scheduling a reconnect in 2000ms
2025-12-28T17:16:35.977+01:00  INFO 22324 --- [user-service] [axon-connector-22324@DESKTOP-6GLV26S-1] i.a.a.c.impl.AxonServerManagedChannel    : Connection to AxonServer lost. Attempting to reconnect...
2025-12-28T17:16:35.985+01:00  INFO 22324 --- [user-service] [axon-connector-22324@DESKTOP-6GLV26S-1] i.a.a.c.impl.AxonServerManagedChannel    : Requesting connection details from localhost:8125
2025-12-28T17:16:35.999+01:00  WARN 22324 --- [user-service] [axon-connector-22324@DESKTOP-6GLV26S-1] i.a.a.c.impl.AxonServerManagedChannel    : Connecting to AxonServer node [localhost:8125] failed: UNAVAILABLE: Network closed for unknown reason
2025-12-28T17:16:35.999+01:00  INFO 22324 --- [user-service] [axon-connector-22324@DESKTOP-6GLV26S-1] i.a.a.c.impl.AxonServerManagedChannel    : Failed to get connection to AxonServer. Scheduling a reconnect in 2000ms
2025-12-28T17:16:38.015+01:00  INFO 22324 --- [user-service] [axon-connector-22324@DESKTOP-6GLV26S-0] i.a.a.c.impl.AxonServerManagedChannel    : Connection to AxonServer lost. Attempting to reconnect...
2025-12-28T17:16:38.022+01:00  INFO 22324 --- [user-service] [axon-connector-22324@DESKTOP-6GLV26S-0] i.a.a.c.impl.AxonServerManagedChannel    : Requesting connection details from localhost:8125
2025-12-28T17:16:38.048+01:00  WARN 22324 --- [user-service] [axon-connector-22324@DESKTOP-6GLV26S-0] i.a.a.c.impl.AxonServerManagedChannel    : Connecting to AxonServer node [localhost:8125] failed: UNAVAILABLE: Network closed for unknown reason
2025-12-28T17:16:38.048+01:00  INFO 22324 --- [user-service] [axon-connector-22324@DESKTOP-6GLV26S-0] i.a.a.c.impl.AxonServerManagedChannel    : Failed to get connection to AxonServer. Scheduling a reconnect in 2000ms
2025-12-28T17:16:40.050+01:00  INFO 22324 --- [user-service] [axon-connector-22324@DESKTOP-6GLV26S-1] i.a.a.c.impl.AxonServerManagedChannel    : Connection to AxonServer lost. Attempting to reconnect...
2025-12-28T17:16:40.060+01:00  INFO 22324 --- [user-service] [axon-connector-22324@DESKTOP-6GLV26S-1] i.a.a.c.impl.AxonServerManagedChannel    : Requesting connection details from localhost:8125
2025-12-28T17:16:40.077+01:00  WARN 22324 --- [user-service] [axon-connector-22324@DESKTOP-6GLV26S-1] i.a.a.c.impl.AxonServerManagedChannel    : Connecting to AxonServer node [localhost:8125] failed: UNAVAILABLE: Network closed for unknown reason
2025-12-28T17:16:40.077+01:00  INFO 22324 --- [user-service] [axon-connector-22324@DESKTOP-6GLV26S-1] i.a.a.c.impl.AxonServerManagedChannel    : Failed to get connection to AxonServer. Scheduling a reconnect in 2000ms
2025-12-28T17:16:42.086+01:00  INFO 22324 --- [user-service] [axon-connector-22324@DESKTOP-6GLV26S-1] i.a.a.c.impl.AxonServerManagedChannel    : Connection to AxonServer lost. Attempting to reconnect...
2025-12-28T17:16:42.097+01:00  INFO 22324 --- [user-service] [axon-connector-22324@DESKTOP-6GLV26S-1] i.a.a.c.impl.AxonServerManagedChannel    : Requesting connection details from localhost:8125
2025-12-28T17:16:42.121+01:00  WARN 22324 --- [user-service] [axon-connector-22324@DESKTOP-6GLV26S-1] i.a.a.c.impl.AxonServerManagedChannel    : Connecting to AxonServer node [localhost:8125] failed: UNAVAILABLE: Network closed for unknown reason
2025-12-28T17:16:42.121+01:00  INFO 22324 --- [user-service] [axon-connector-22324@DESKTOP-6GLV26S-1] i.a.a.c.impl.AxonServerManagedChannel    : Failed to get connection to AxonServer. Scheduling a reconnect in 2000ms
2025-12-28T17:16:44.132+01:00  INFO 22324 --- [user-service] [axon-connector-22324@DESKTOP-6GLV26S-1] i.a.a.c.impl.AxonServerManagedChannel    : Connection to AxonServer lost. Attempting to reconnect...
2025-12-28T17:16:44.143+01:00  INFO 22324 --- [user-service] [axon-connector-22324@DESKTOP-6GLV26S-1] i.a.a.c.impl.AxonServerManagedChannel    : Requesting connection details from localhost:8125
2025-12-28T17:16:44.266+01:00  WARN 22324 --- [user-service] [axon-connector-22324@DESKTOP-6GLV26S-1] i.a.a.c.impl.AxonServerManagedChannel    : Connecting to AxonServer node [localhost:8125] failed: UNAVAILABLE: Network closed for unknown reason
2025-12-28T17:16:44.267+01:00  INFO 22324 --- [user-service] [axon-connector-22324@DESKTOP-6GLV26S-1] i.a.a.c.impl.AxonServerManagedChannel    : Failed to get connection to AxonServer. Scheduling a reconnect in 2000ms
2025-12-28T17:16:46.274+01:00  INFO 22324 --- [user-service] [axon-connector-22324@DESKTOP-6GLV26S-1] i.a.a.c.impl.AxonServerManagedChannel    : Connection to AxonServer lost. Attempting to reconnect...
2025-12-28T17:16:46.280+01:00  INFO 22324 --- [user-service] [axon-connector-22324@DESKTOP-6GLV26S-1] i.a.a.c.impl.AxonServerManagedChannel    : Requesting connection details from localhost:8125
2025-12-28T17:16:46.287+01:00  WARN 22324 --- [user-service] [axon-connector-22324@DESKTOP-6GLV26S-1] i.a.a.c.impl.AxonServerManagedChannel    : Connecting to AxonServer node [localhost:8125] failed: UNAVAILABLE: Network closed for unknown reason
2025-12-28T17:16:46.288+01:00  INFO 22324 --- [user-service] [axon-connector-22324@DESKTOP-6GLV26S-1] i.a.a.c.impl.AxonServerManagedChannel    : Failed to get connection to AxonServer. Scheduling a reconnect in 2000ms
2025-12-28T17:16:48.288+01:00  INFO 22324 --- [user-service] [axon-connector-22324@DESKTOP-6GLV26S-1] i.a.a.c.impl.AxonServerManagedChannel    : Connection to AxonServer lost. Attempting to reconnect...
2025-12-28T17:16:48.300+01:00  INFO 22324 --- [user-service] [axon-connector-22324@DESKTOP-6GLV26S-1] i.a.a.c.impl.AxonServerManagedChannel    : Requesting connection details from localhost:8125
2025-12-28T17:16:48.313+01:00  WARN 22324 --- [user-service] [axon-connector-22324@DESKTOP-6GLV26S-1] i.a.a.c.impl.AxonServerManagedChannel    : Connecting to AxonServer node [localhost:8125] failed: UNAVAILABLE: Network closed for unknown reason
2025-12-28T17:16:48.313+01:00  INFO 22324 --- [user-service] [axon-connector-22324@DESKTOP-6GLV26S-1] i.a.a.c.impl.AxonServerManagedChannel    : Failed to get connection to AxonServer. Scheduling a reconnect in 2000ms
2025-12-28T17:16:50.325+01:00  INFO 22324 --- [user-service] [axon-connector-22324@DESKTOP-6GLV26S-1] i.a.a.c.impl.AxonServerManagedChannel    : Connection to AxonServer lost. Attempting to reconnect...
2025-12-28T17:16:50.333+01:00  INFO 22324 --- [user-service] [axon-connector-22324@DESKTOP-6GLV26S-1] i.a.a.c.impl.AxonServerManagedChannel    : Requesting connection details from localhost:8125
2025-12-28T17:16:50.355+01:00  WARN 22324 --- [user-service] [axon-connector-22324@DESKTOP-6GLV26S-1] i.a.a.c.impl.AxonServerManagedChannel    : Connecting to AxonServer node [localhost:8125] failed: UNAVAILABLE: Network closed for unknown reason
2025-12-28T17:16:50.356+01:00  INFO 22324 --- [user-service] [axon-connector-22324@DESKTOP-6GLV26S-1] i.a.a.c.impl.AxonServerManagedChannel    : Failed to get connection to AxonServer. Scheduling a reconnect in 2000ms
2025-12-28T17:16:52.402+01:00  INFO 22324 --- [user-service] [axon-connector-22324@DESKTOP-6GLV26S-0] i.a.a.c.impl.AxonServerManagedChannel    : Connection to AxonServer lost. Attempting to reconnect...
2025-12-28T17:16:52.410+01:00  INFO 22324 --- [user-service] [axon-connector-22324@DESKTOP-6GLV26S-0] i.a.a.c.impl.AxonServerManagedChannel    : Requesting connection details from localhost:8125
2025-12-28T17:16:52.451+01:00  WARN 22324 --- [user-service] [axon-connector-22324@DESKTOP-6GLV26S-0] i.a.a.c.impl.AxonServerManagedChannel    : Connecting to AxonServer node [localhost:8125] failed: UNAVAILABLE: Network closed for unknown reason
2025-12-28T17:16:52.451+01:00  INFO 22324 --- [user-service] [axon-connector-22324@DESKTOP-6GLV26S-0] i.a.a.c.impl.AxonServerManagedChannel    : Failed to get connection to AxonServer. Scheduling a reconnect in 2000ms
2025-12-28T17:16:54.461+01:00  INFO 22324 --- [user-service] [axon-connector-22324@DESKTOP-6GLV26S-1] i.a.a.c.impl.AxonServerManagedChannel    : Connection to AxonServer lost. Attempting to reconnect...
2025-12-28T17:16:54.468+01:00  INFO 22324 --- [user-service] [axon-connector-22324@DESKTOP-6GLV26S-1] i.a.a.c.impl.AxonServerManagedChannel    : Requesting connection details from localhost:8125
2025-12-28T17:16:54.477+01:00  WARN 22324 --- [user-service] [axon-connector-22324@DESKTOP-6GLV26S-1] i.a.a.c.impl.AxonServerManagedChannel    : Connecting to AxonServer node [localhost:8125] failed: UNAVAILABLE: Network closed for unknown reason
2025-12-28T17:16:54.477+01:00  INFO 22324 --- [user-service] [axon-connector-22324@DESKTOP-6GLV26S-1] i.a.a.c.impl.AxonServerManagedChannel    : Failed to get connection to AxonServer. Scheduling a reconnect in 2000ms
2025-12-28T17:16:56.488+01:00  INFO 22324 --- [user-service] [axon-connector-22324@DESKTOP-6GLV26S-1] i.a.a.c.impl.AxonServerManagedChannel    : Connection to AxonServer lost. Attempting to reconnect...
2025-12-28T17:16:56.498+01:00  INFO 22324 --- [user-service] [axon-connector-22324@DESKTOP-6GLV26S-1] i.a.a.c.impl.AxonServerManagedChannel    : Requesting connection details from localhost:8125
2025-12-28T17:16:56.517+01:00  WARN 22324 --- [user-service] [axon-connector-22324@DESKTOP-6GLV26S-1] i.a.a.c.impl.AxonServerManagedChannel    : Connecting to AxonServer node [localhost:8125] failed: UNAVAILABLE: Network closed for unknown reason
2025-12-28T17:16:56.517+01:00  INFO 22324 --- [user-service] [axon-connector-22324@DESKTOP-6GLV26S-1] i.a.a.c.impl.AxonServerManagedChannel    : Failed to get connection to AxonServer. Scheduling a reconnect in 2000ms
2025-12-28T17:16:58.523+01:00  INFO 22324 --- [user-service] [axon-connector-22324@DESKTOP-6GLV26S-0] i.a.a.c.impl.AxonServerManagedChannel    : Connection to AxonServer lost. Attempting to reconnect...
2025-12-28T17:16:58.532+01:00  INFO 22324 --- [user-service] [axon-connector-22324@DESKTOP-6GLV26S-0] i.a.a.c.impl.AxonServerManagedChannel    : Requesting connection details from localhost:8125
2025-12-28T17:16:58.543+01:00  WARN 22324 --- [user-service] [axon-connector-22324@DESKTOP-6GLV26S-0] i.a.a.c.impl.AxonServerManagedChannel    : Connecting to AxonServer node [localhost:8125] failed: UNAVAILABLE: Network closed for unknown reason
2025-12-28T17:16:58.543+01:00  INFO 22324 --- [user-service] [axon-connector-22324@DESKTOP-6GLV26S-0] i.a.a.c.impl.AxonServerManagedChannel    : Failed to get connection to AxonServer. Scheduling a reconnect in 2000ms
2025-12-28T17:17:00.548+01:00  INFO 22324 --- [user-service] [axon-connector-22324@DESKTOP-6GLV26S-0] i.a.a.c.impl.AxonServerManagedChannel    : Connection to AxonServer lost. Attempting to reconnect...
2025-12-28T17:17:00.555+01:00  INFO 22324 --- [user-service] [axon-connector-22324@DESKTOP-6GLV26S-0] i.a.a.c.impl.AxonServerManagedChannel    : Requesting connection details from localhost:8125
2025-12-28T17:17:00.583+01:00  WARN 22324 --- [user-service] [axon-connector-22324@DESKTOP-6GLV26S-0] i.a.a.c.impl.AxonServerManagedChannel    : Connecting to AxonServer node [localhost:8125] failed: UNAVAILABLE: Network closed for unknown reason
2025-12-28T17:17:00.584+01:00  INFO 22324 --- [user-service] [axon-connector-22324@DESKTOP-6GLV26S-0] i.a.a.c.impl.AxonServerManagedChannel    : Failed to get connection to AxonServer. Scheduling a reconnect in 2000ms
2025-12-28T17:17:02.599+01:00  INFO 22324 --- [user-service] [axon-connector-22324@DESKTOP-6GLV26S-1] i.a.a.c.impl.AxonServerManagedChannel    : Connection to AxonServer lost. Attempting to reconnect...
2025-12-28T17:17:02.606+01:00  INFO 22324 --- [user-service] [axon-connector-22324@DESKTOP-6GLV26S-1] i.a.a.c.impl.AxonServerManagedChannel    : Requesting connection details from localhost:8125
2025-12-28T17:17:02.620+01:00  WARN 22324 --- [user-service] [axon-connector-22324@DESKTOP-6GLV26S-1] i.a.a.c.impl.AxonServerManagedChannel    : Connecting to AxonServer node [localhost:8125] failed: UNAVAILABLE: Network closed for unknown reason
2025-12-28T17:17:02.620+01:00  INFO 22324 --- [user-service] [axon-connector-22324@DESKTOP-6GLV26S-1] i.a.a.c.impl.AxonServerManagedChannel    : Failed to get connection to AxonServer. Scheduling a reconnect in 2000ms
2025-12-28T17:17:04.624+01:00  INFO 22324 --- [user-service] [axon-connector-22324@DESKTOP-6GLV26S-1] i.a.a.c.impl.AxonServerManagedChannel    : Connection to AxonServer lost. Attempting to reconnect...
2025-12-28T17:17:04.631+01:00  INFO 22324 --- [user-service] [axon-connector-22324@DESKTOP-6GLV26S-1] i.a.a.c.impl.AxonServerManagedChannel    : Requesting connection details from localhost:8125
2025-12-28T17:17:04.640+01:00  WARN 22324 --- [user-service] [axon-connector-22324@DESKTOP-6GLV26S-1] i.a.a.c.impl.AxonServerManagedChannel    : Connecting to AxonServer node [localhost:8125] failed: UNAVAILABLE: Network closed for unknown reason
2025-12-28T17:17:04.640+01:00  INFO 22324 --- [user-service] [axon-connector-22324@DESKTOP-6GLV26S-1] i.a.a.c.impl.AxonServerManagedChannel    : Failed to get connection to AxonServer. Scheduling a reconnect in 2000ms
2025-12-28T17:17:06.650+01:00  INFO 22324 --- [user-service] [axon-connector-22324@DESKTOP-6GLV26S-1] i.a.a.c.impl.AxonServerManagedChannel    : Connection to AxonServer lost. Attempting to reconnect...
2025-12-28T17:17:06.665+01:00  INFO 22324 --- [user-service] [axon-connector-22324@DESKTOP-6GLV26S-1] i.a.a.c.impl.AxonServerManagedChannel    : Requesting connection details from localhost:8125
2025-12-28T17:17:06.689+01:00  WARN 22324 --- [user-service] [axon-connector-22324@DESKTOP-6GLV26S-1] i.a.a.c.impl.AxonServerManagedChannel    : Connecting to AxonServer node [localhost:8125] failed: UNAVAILABLE: Network closed for unknown reason
2025-12-28T17:17:06.689+01:00  INFO 22324 --- [user-service] [axon-connector-22324@DESKTOP-6GLV26S-1] i.a.a.c.impl.AxonServerManagedChannel    : Failed to get connection to AxonServer. Scheduling a reconnect in 2000ms
2025-12-28T17:17:08.693+01:00  INFO 22324 --- [user-service] [axon-connector-22324@DESKTOP-6GLV26S-1] i.a.a.c.impl.AxonServerManagedChannel    : Connection to AxonServer lost. Attempting to reconnect...
2025-12-28T17:17:08.700+01:00  INFO 22324 --- [user-service] [axon-connector-22324@DESKTOP-6GLV26S-1] i.a.a.c.impl.AxonServerManagedChannel    : Requesting connection details from localhost:8125
2025-12-28T17:17:08.715+01:00  WARN 22324 --- [user-service] [axon-connector-22324@DESKTOP-6GLV26S-1] i.a.a.c.impl.AxonServerManagedChannel    : Connecting to AxonServer node [localhost:8125] failed: UNAVAILABLE: Network closed for unknown reason
2025-12-28T17:17:08.715+01:00  INFO 22324 --- [user-service] [axon-connector-22324@DESKTOP-6GLV26S-1] i.a.a.c.impl.AxonServerManagedChannel    : Failed to get connection to AxonServer. Scheduling a reconnect in 2000ms
2025-12-28T17:17:10.728+01:00  INFO 22324 --- [user-service] [axon-connector-22324@DESKTOP-6GLV26S-0] i.a.a.c.impl.AxonServerManagedChannel    : Connection to AxonServer lost. Attempting to reconnect...
2025-12-28T17:17:10.738+01:00  INFO 22324 --- [user-service] [axon-connector-22324@DESKTOP-6GLV26S-0] i.a.a.c.impl.AxonServerManagedChannel    : Requesting connection details from localhost:8125
2025-12-28T17:17:10.751+01:00  WARN 22324 --- [user-service] [axon-connector-22324@DESKTOP-6GLV26S-0] i.a.a.c.impl.AxonServerManagedChannel    : Connecting to AxonServer node [localhost:8125] failed: UNAVAILABLE: Network closed for unknown reason
2025-12-28T17:17:10.751+01:00  INFO 22324 --- [user-service] [axon-connector-22324@DESKTOP-6GLV26S-0] i.a.a.c.impl.AxonServerManagedChannel    : Failed to get connection to AxonServer. Scheduling a reconnect in 2000ms
2025-12-28T17:17:12.754+01:00  INFO 22324 --- [user-service] [axon-connector-22324@DESKTOP-6GLV26S-1] i.a.a.c.impl.AxonServerManagedChannel    : Connection to AxonServer lost. Attempting to reconnect...
2025-12-28T17:17:12.765+01:00  INFO 22324 --- [user-service] [axon-connector-22324@DESKTOP-6GLV26S-1] i.a.a.c.impl.AxonServerManagedChannel    : Requesting connection details from localhost:8125
2025-12-28T17:17:12.775+01:00  WARN 22324 --- [user-service] [axon-connector-22324@DESKTOP-6GLV26S-1] i.a.a.c.impl.AxonServerManagedChannel    : Connecting to AxonServer node [localhost:8125] failed: UNAVAILABLE: Network closed for unknown reason
2025-12-28T17:17:12.775+01:00  INFO 22324 --- [user-service] [axon-connector-22324@DESKTOP-6GLV26S-1] i.a.a.c.impl.AxonServerManagedChannel    : Failed to get connection to AxonServer. Scheduling a reconnect in 2000ms
2025-12-28T17:17:14.778+01:00  INFO 22324 --- [user-service] [axon-connector-22324@DESKTOP-6GLV26S-1] i.a.a.c.impl.AxonServerManagedChannel    : Connection to AxonServer lost. Attempting to reconnect...
2025-12-28T17:17:14.799+01:00  INFO 22324 --- [user-service] [axon-connector-22324@DESKTOP-6GLV26S-1] i.a.a.c.impl.AxonServerManagedChannel    : Requesting connection details from localhost:8125
2025-12-28T17:17:14.812+01:00  WARN 22324 --- [user-service] [axon-connector-22324@DESKTOP-6GLV26S-1] i.a.a.c.impl.AxonServerManagedChannel    : Connecting to AxonServer node [localhost:8125] failed: UNAVAILABLE: Network closed for unknown reason
2025-12-28T17:17:14.812+01:00  INFO 22324 --- [user-service] [axon-connector-22324@DESKTOP-6GLV26S-1] i.a.a.c.impl.AxonServerManagedChannel    : Failed to get connection to AxonServer. Scheduling a reconnect in 2000ms
2025-12-28T17:17:16.814+01:00  INFO 22324 --- [user-service] [axon-connector-22324@DESKTOP-6GLV26S-1] i.a.a.c.impl.AxonServerManagedChannel    : Connection to AxonServer lost. Attempting to reconnect...
2025-12-28T17:17:16.823+01:00  INFO 22324 --- [user-service] [axon-connector-22324@DESKTOP-6GLV26S-1] i.a.a.c.impl.AxonServerManagedChannel    : Requesting connection details from localhost:8125
2025-12-28T17:17:16.877+01:00  WARN 22324 --- [user-service] [axon-connector-22324@DESKTOP-6GLV26S-1] i.a.a.c.impl.AxonServerManagedChannel    : Connecting to AxonServer node [localhost:8125] failed: UNAVAILABLE: Network closed for unknown reason
2025-12-28T17:17:16.878+01:00  INFO 22324 --- [user-service] [axon-connector-22324@DESKTOP-6GLV26S-1] i.a.a.c.impl.AxonServerManagedChannel    : Failed to get connection to AxonServer. Scheduling a reconnect in 2000ms
2025-12-28T17:17:18.895+01:00  INFO 22324 --- [user-service] [axon-connector-22324@DESKTOP-6GLV26S-0] i.a.a.c.impl.AxonServerManagedChannel    : Connection to AxonServer lost. Attempting to reconnect...
2025-12-28T17:17:18.902+01:00  INFO 22324 --- [user-service] [axon-connector-22324@DESKTOP-6GLV26S-0] i.a.a.c.impl.AxonServerManagedChannel    : Requesting connection details from localhost:8125
2025-12-28T17:17:18.914+01:00  WARN 22324 --- [user-service] [axon-connector-22324@DESKTOP-6GLV26S-0] i.a.a.c.impl.AxonServerManagedChannel    : Connecting to AxonServer node [localhost:8125] failed: UNAVAILABLE: Network closed for unknown reason
2025-12-28T17:17:18.914+01:00  INFO 22324 --- [user-service] [axon-connector-22324@DESKTOP-6GLV26S-0] i.a.a.c.impl.AxonServerManagedChannel    : Failed to get connection to AxonServer. Scheduling a reconnect in 2000ms
2025-12-28T17:17:20.938+01:00  INFO 22324 --- [user-service] [axon-connector-22324@DESKTOP-6GLV26S-0] i.a.a.c.impl.AxonServerManagedChannel    : Connection to AxonServer lost. Attempting to reconnect...
2025-12-28T17:17:20.968+01:00  INFO 22324 --- [user-service] [axon-connector-22324@DESKTOP-6GLV26S-0] i.a.a.c.impl.AxonServerManagedChannel    : Requesting connection details from localhost:8125
2025-12-28T17:17:20.995+01:00  WARN 22324 --- [user-service] [axon-connector-22324@DESKTOP-6GLV26S-0] i.a.a.c.impl.AxonServerManagedChannel    : Connecting to AxonServer node [localhost:8125] failed: UNAVAILABLE: Network closed for unknown reason
2025-12-28T17:17:20.995+01:00  INFO 22324 --- [user-service] [axon-connector-22324@DESKTOP-6GLV26S-0] i.a.a.c.impl.AxonServerManagedChannel    : Failed to get connection to AxonServer. Scheduling a reconnect in 2000ms
2025-12-28T17:17:23.011+01:00  INFO 22324 --- [user-service] [axon-connector-22324@DESKTOP-6GLV26S-0] i.a.a.c.impl.AxonServerManagedChannel    : Connection to AxonServer lost. Attempting to reconnect...
2025-12-28T17:17:23.029+01:00  INFO 22324 --- [user-service] [axon-connector-22324@DESKTOP-6GLV26S-0] i.a.a.c.impl.AxonServerManagedChannel    : Requesting connection details from localhost:8125
2025-12-28T17:17:23.038+01:00  WARN 22324 --- [user-service] [axon-connector-22324@DESKTOP-6GLV26S-0] i.a.a.c.impl.AxonServerManagedChannel    : Connecting to AxonServer node [localhost:8125] failed: UNAVAILABLE: Network closed for unknown reason
2025-12-28T17:17:23.038+01:00  INFO 22324 --- [user-service] [axon-connector-22324@DESKTOP-6GLV26S-0] i.a.a.c.impl.AxonServerManagedChannel    : Failed to get connection to AxonServer. Scheduling a reconnect in 2000ms
2025-12-28T17:17:25.050+01:00  INFO 22324 --- [user-service] [axon-connector-22324@DESKTOP-6GLV26S-0] i.a.a.c.impl.AxonServerManagedChannel    : Connection to AxonServer lost. Attempting to reconnect...
2025-12-28T17:17:25.059+01:00  INFO 22324 --- [user-service] [axon-connector-22324@DESKTOP-6GLV26S-0] i.a.a.c.impl.AxonServerManagedChannel    : Requesting connection details from localhost:8125
2025-12-28T17:17:25.068+01:00  WARN 22324 --- [user-service] [axon-connector-22324@DESKTOP-6GLV26S-0] i.a.a.c.impl.AxonServerManagedChannel    : Connecting to AxonServer node [localhost:8125] failed: UNAVAILABLE: Network closed for unknown reason
2025-12-28T17:17:25.068+01:00  INFO 22324 --- [user-service] [axon-connector-22324@DESKTOP-6GLV26S-0] i.a.a.c.impl.AxonServerManagedChannel    : Failed to get connection to AxonServer. Scheduling a reconnect in 2000ms
2025-12-28T17:17:27.083+01:00  INFO 22324 --- [user-service] [axon-connector-22324@DESKTOP-6GLV26S-0] i.a.a.c.impl.AxonServerManagedChannel    : Connection to AxonServer lost. Attempting to reconnect...
2025-12-28T17:17:27.092+01:00  INFO 22324 --- [user-service] [axon-connector-22324@DESKTOP-6GLV26S-0] i.a.a.c.impl.AxonServerManagedChannel    : Requesting connection details from localhost:8125
2025-12-28T17:17:27.108+01:00  WARN 22324 --- [user-service] [axon-connector-22324@DESKTOP-6GLV26S-0] i.a.a.c.impl.AxonServerManagedChannel    : Connecting to AxonServer node [localhost:8125] failed: UNAVAILABLE: Network closed for unknown reason
2025-12-28T17:17:27.109+01:00  INFO 22324 --- [user-service] [axon-connector-22324@DESKTOP-6GLV26S-0] i.a.a.c.impl.AxonServerManagedChannel    : Failed to get connection to AxonServer. Scheduling a reconnect in 2000ms
2025-12-28T17:17:27.460+01:00  INFO 22324 --- [user-service] [EventProcessor[address-lookup-group]-0] o.a.e.TrackingEventProcessor             : Fetched token: IndexTrackingToken{globalIndex=8} for segment: Segment[0/0]
2025-12-28T17:17:27.470+01:00  WARN 22324 --- [user-service] [EventProcessor[address-lookup-group]-0] o.a.e.TrackingEventProcessor             : Releasing claim on token and preparing for retry in 60s
2025-12-28T17:17:27.483+01:00  INFO 22324 --- [user-service] [EventProcessor[user-group]-0] o.a.e.TrackingEventProcessor             : Fetched token: IndexTrackingToken{globalIndex=8} for segment: Segment[0/0]
2025-12-28T17:17:27.493+01:00  WARN 22324 --- [user-service] [EventProcessor[user-group]-0] o.a.e.TrackingEventProcessor             : Releasing claim on token and preparing for retry in 60s
2025-12-28T17:17:27.513+01:00  INFO 22324 --- [user-service] [EventProcessor[address-lookup-group]-0] o.a.e.TrackingEventProcessor             : Released claim
2025-12-28T17:17:27.520+01:00  INFO 22324 --- [user-service] [EventProcessor[user-group]-0] o.a.e.TrackingEventProcessor             : Released claim
2025-12-28T17:17:29.111+01:00  INFO 22324 --- [user-service] [axon-connector-22324@DESKTOP-6GLV26S-1] i.a.a.c.impl.AxonServerManagedChannel    : Connection to AxonServer lost. Attempting to reconnect...
2025-12-28T17:17:29.119+01:00  INFO 22324 --- [user-service] [axon-connector-22324@DESKTOP-6GLV26S-1] i.a.a.c.impl.AxonServerManagedChannel    : Requesting connection details from localhost:8125
2025-12-28T17:17:29.139+01:00  WARN 22324 --- [user-service] [axon-connector-22324@DESKTOP-6GLV26S-1] i.a.a.c.impl.AxonServerManagedChannel    : Connecting to AxonServer node [localhost:8125] failed: UNAVAILABLE: Network closed for unknown reason
2025-12-28T17:17:29.139+01:00  INFO 22324 --- [user-service] [axon-connector-22324@DESKTOP-6GLV26S-1] i.a.a.c.impl.AxonServerManagedChannel    : Failed to get connection to AxonServer. Scheduling a reconnect in 2000ms
2025-12-28T17:17:31.148+01:00  INFO 22324 --- [user-service] [axon-connector-22324@DESKTOP-6GLV26S-0] i.a.a.c.impl.AxonServerManagedChannel    : Connection to AxonServer lost. Attempting to reconnect...
2025-12-28T17:17:31.162+01:00  INFO 22324 --- [user-service] [axon-connector-22324@DESKTOP-6GLV26S-0] i.a.a.c.impl.AxonServerManagedChannel    : Requesting connection details from localhost:8125
2025-12-28T17:17:31.180+01:00  WARN 22324 --- [user-service] [axon-connector-22324@DESKTOP-6GLV26S-0] i.a.a.c.impl.AxonServerManagedChannel    : Connecting to AxonServer node [localhost:8125] failed: UNAVAILABLE: Network closed for unknown reason
2025-12-28T17:17:31.180+01:00  INFO 22324 --- [user-service] [axon-connector-22324@DESKTOP-6GLV26S-0] i.a.a.c.impl.AxonServerManagedChannel    : Failed to get connection to AxonServer. Scheduling a reconnect in 2000ms
2025-12-28T17:17:33.193+01:00  INFO 22324 --- [user-service] [axon-connector-22324@DESKTOP-6GLV26S-0] i.a.a.c.impl.AxonServerManagedChannel    : Connection to AxonServer lost. Attempting to reconnect...
2025-12-28T17:17:33.200+01:00  INFO 22324 --- [user-service] [axon-connector-22324@DESKTOP-6GLV26S-0] i.a.a.c.impl.AxonServerManagedChannel    : Requesting connection details from localhost:8125
2025-12-28T17:17:33.212+01:00  WARN 22324 --- [user-service] [axon-connector-22324@DESKTOP-6GLV26S-0] i.a.a.c.impl.AxonServerManagedChannel    : Connecting to AxonServer node [localhost:8125] failed: UNAVAILABLE: Network closed for unknown reason
2025-12-28T17:17:33.212+01:00  INFO 22324 --- [user-service] [axon-connector-22324@DESKTOP-6GLV26S-0] i.a.a.c.impl.AxonServerManagedChannel    : Failed to get connection to AxonServer. Scheduling a reconnect in 2000ms
2025-12-28T17:17:35.224+01:00  INFO 22324 --- [user-service] [axon-connector-22324@DESKTOP-6GLV26S-0] i.a.a.c.impl.AxonServerManagedChannel    : Connection to AxonServer lost. Attempting to reconnect...
2025-12-28T17:17:35.231+01:00  INFO 22324 --- [user-service] [axon-connector-22324@DESKTOP-6GLV26S-0] i.a.a.c.impl.AxonServerManagedChannel    : Requesting connection details from localhost:8125
2025-12-28T17:17:35.238+01:00  WARN 22324 --- [user-service] [axon-connector-22324@DESKTOP-6GLV26S-0] i.a.a.c.impl.AxonServerManagedChannel    : Connecting to AxonServer node [localhost:8125] failed: UNAVAILABLE: Network closed for unknown reason
2025-12-28T17:17:35.238+01:00  INFO 22324 --- [user-service] [axon-connector-22324@DESKTOP-6GLV26S-0] i.a.a.c.impl.AxonServerManagedChannel    : Failed to get connection to AxonServer. Scheduling a reconnect in 2000ms
2025-12-28T17:17:37.245+01:00  INFO 22324 --- [user-service] [axon-connector-22324@DESKTOP-6GLV26S-1] i.a.a.c.impl.AxonServerManagedChannel    : Connection to AxonServer lost. Attempting to reconnect...
2025-12-28T17:17:37.252+01:00  INFO 22324 --- [user-service] [axon-connector-22324@DESKTOP-6GLV26S-1] i.a.a.c.impl.AxonServerManagedChannel    : Requesting connection details from localhost:8125
2025-12-28T17:17:37.268+01:00  WARN 22324 --- [user-service] [axon-connector-22324@DESKTOP-6GLV26S-1] i.a.a.c.impl.AxonServerManagedChannel    : Connecting to AxonServer node [localhost:8125] failed: UNAVAILABLE: Network closed for unknown reason
2025-12-28T17:17:37.269+01:00  INFO 22324 --- [user-service] [axon-connector-22324@DESKTOP-6GLV26S-1] i.a.a.c.impl.AxonServerManagedChannel    : Failed to get connection to AxonServer. Scheduling a reconnect in 2000ms
2025-12-28T17:17:39.271+01:00  INFO 22324 --- [user-service] [axon-connector-22324@DESKTOP-6GLV26S-1] i.a.a.c.impl.AxonServerManagedChannel    : Connection to AxonServer lost. Attempting to reconnect...
2025-12-28T17:17:39.285+01:00  INFO 22324 --- [user-service] [axon-connector-22324@DESKTOP-6GLV26S-1] i.a.a.c.impl.AxonServerManagedChannel    : Requesting connection details from localhost:8125
2025-12-28T17:17:39.311+01:00  WARN 22324 --- [user-service] [axon-connector-22324@DESKTOP-6GLV26S-1] i.a.a.c.impl.AxonServerManagedChannel    : Connecting to AxonServer node [localhost:8125] failed: UNAVAILABLE: Network closed for unknown reason
2025-12-28T17:17:39.311+01:00  INFO 22324 --- [user-service] [axon-connector-22324@DESKTOP-6GLV26S-1] i.a.a.c.impl.AxonServerManagedChannel    : Failed to get connection to AxonServer. Scheduling a reconnect in 2000ms
2025-12-28T17:17:41.325+01:00  INFO 22324 --- [user-service] [axon-connector-22324@DESKTOP-6GLV26S-1] i.a.a.c.impl.AxonServerManagedChannel    : Connection to AxonServer lost. Attempting to reconnect...
2025-12-28T17:17:41.332+01:00  INFO 22324 --- [user-service] [axon-connector-22324@DESKTOP-6GLV26S-1] i.a.a.c.impl.AxonServerManagedChannel    : Requesting connection details from localhost:8125
2025-12-28T17:17:41.375+01:00  WARN 22324 --- [user-service] [axon-connector-22324@DESKTOP-6GLV26S-1] i.a.a.c.impl.AxonServerManagedChannel    : Connecting to AxonServer node [localhost:8125] failed: UNAVAILABLE: Network closed for unknown reason
2025-12-28T17:17:41.375+01:00  INFO 22324 --- [user-service] [axon-connector-22324@DESKTOP-6GLV26S-1] i.a.a.c.impl.AxonServerManagedChannel    : Failed to get connection to AxonServer. Scheduling a reconnect in 2000ms
2025-12-28T17:17:43.382+01:00  INFO 22324 --- [user-service] [axon-connector-22324@DESKTOP-6GLV26S-0] i.a.a.c.impl.AxonServerManagedChannel    : Connection to AxonServer lost. Attempting to reconnect...
2025-12-28T17:17:43.389+01:00  INFO 22324 --- [user-service] [axon-connector-22324@DESKTOP-6GLV26S-0] i.a.a.c.impl.AxonServerManagedChannel    : Requesting connection details from localhost:8125
2025-12-28T17:17:43.400+01:00  WARN 22324 --- [user-service] [axon-connector-22324@DESKTOP-6GLV26S-0] i.a.a.c.impl.AxonServerManagedChannel    : Connecting to AxonServer node [localhost:8125] failed: UNAVAILABLE: Network closed for unknown reason
2025-12-28T17:17:43.400+01:00  INFO 22324 --- [user-service] [axon-connector-22324@DESKTOP-6GLV26S-0] i.a.a.c.impl.AxonServerManagedChannel    : Failed to get connection to AxonServer. Scheduling a reconnect in 2000ms
2025-12-28T17:17:45.404+01:00  INFO 22324 --- [user-service] [axon-connector-22324@DESKTOP-6GLV26S-1] i.a.a.c.impl.AxonServerManagedChannel    : Connection to AxonServer lost. Attempting to reconnect...
2025-12-28T17:17:45.427+01:00  INFO 22324 --- [user-service] [axon-connector-22324@DESKTOP-6GLV26S-1] i.a.a.c.impl.AxonServerManagedChannel    : Requesting connection details from localhost:8125
2025-12-28T17:17:45.435+01:00  WARN 22324 --- [user-service] [axon-connector-22324@DESKTOP-6GLV26S-1] i.a.a.c.impl.AxonServerManagedChannel    : Connecting to AxonServer node [localhost:8125] failed: UNAVAILABLE: Network closed for unknown reason
2025-12-28T17:17:45.435+01:00  INFO 22324 --- [user-service] [axon-connector-22324@DESKTOP-6GLV26S-1] i.a.a.c.impl.AxonServerManagedChannel    : Failed to get connection to AxonServer. Scheduling a reconnect in 2000ms
2025-12-28T17:17:47.437+01:00  INFO 22324 --- [user-service] [axon-connector-22324@DESKTOP-6GLV26S-0] i.a.a.c.impl.AxonServerManagedChannel    : Connection to AxonServer lost. Attempting to reconnect...
2025-12-28T17:17:47.447+01:00  INFO 22324 --- [user-service] [axon-connector-22324@DESKTOP-6GLV26S-0] i.a.a.c.impl.AxonServerManagedChannel    : Requesting connection details from localhost:8125
2025-12-28T17:17:47.454+01:00  WARN 22324 --- [user-service] [axon-connector-22324@DESKTOP-6GLV26S-0] i.a.a.c.impl.AxonServerManagedChannel    : Connecting to AxonServer node [localhost:8125] failed: UNAVAILABLE: Network closed for unknown reason
2025-12-28T17:17:47.455+01:00  INFO 22324 --- [user-service] [axon-connector-22324@DESKTOP-6GLV26S-0] i.a.a.c.impl.AxonServerManagedChannel    : Failed to get connection to AxonServer. Scheduling a reconnect in 2000ms
2025-12-28T17:17:49.456+01:00  INFO 22324 --- [user-service] [axon-connector-22324@DESKTOP-6GLV26S-1] i.a.a.c.impl.AxonServerManagedChannel    : Connection to AxonServer lost. Attempting to reconnect...
2025-12-28T17:17:49.468+01:00  INFO 22324 --- [user-service] [axon-connector-22324@DESKTOP-6GLV26S-1] i.a.a.c.impl.AxonServerManagedChannel    : Requesting connection details from localhost:8125
2025-12-28T17:17:49.511+01:00  WARN 22324 --- [user-service] [axon-connector-22324@DESKTOP-6GLV26S-1] i.a.a.c.impl.AxonServerManagedChannel    : Connecting to AxonServer node [localhost:8125] failed: UNAVAILABLE: Network closed for unknown reason
2025-12-28T17:17:49.511+01:00  INFO 22324 --- [user-service] [axon-connector-22324@DESKTOP-6GLV26S-1] i.a.a.c.impl.AxonServerManagedChannel    : Failed to get connection to AxonServer. Scheduling a reconnect in 2000ms
2025-12-28T17:17:51.512+01:00  INFO 22324 --- [user-service] [axon-connector-22324@DESKTOP-6GLV26S-0] i.a.a.c.impl.AxonServerManagedChannel    : Connection to AxonServer lost. Attempting to reconnect...
2025-12-28T17:17:51.527+01:00  INFO 22324 --- [user-service] [axon-connector-22324@DESKTOP-6GLV26S-0] i.a.a.c.impl.AxonServerManagedChannel    : Requesting connection details from localhost:8125
2025-12-28T17:17:51.538+01:00  WARN 22324 --- [user-service] [axon-connector-22324@DESKTOP-6GLV26S-0] i.a.a.c.impl.AxonServerManagedChannel    : Connecting to AxonServer node [localhost:8125] failed: UNAVAILABLE: Network closed for unknown reason
2025-12-28T17:17:51.538+01:00  INFO 22324 --- [user-service] [axon-connector-22324@DESKTOP-6GLV26S-0] i.a.a.c.impl.AxonServerManagedChannel    : Failed to get connection to AxonServer. Scheduling a reconnect in 2000ms
2025-12-28T17:17:53.539+01:00  INFO 22324 --- [user-service] [axon-connector-22324@DESKTOP-6GLV26S-1] i.a.a.c.impl.AxonServerManagedChannel    : Connection to AxonServer lost. Attempting to reconnect...
2025-12-28T17:17:53.551+01:00  INFO 22324 --- [user-service] [axon-connector-22324@DESKTOP-6GLV26S-1] i.a.a.c.impl.AxonServerManagedChannel    : Requesting connection details from localhost:8125
2025-12-28T17:17:53.577+01:00  WARN 22324 --- [user-service] [axon-connector-22324@DESKTOP-6GLV26S-1] i.a.a.c.impl.AxonServerManagedChannel    : Connecting to AxonServer node [localhost:8125] failed: UNAVAILABLE: Network closed for unknown reason
2025-12-28T17:17:53.577+01:00  INFO 22324 --- [user-service] [axon-connector-22324@DESKTOP-6GLV26S-1] i.a.a.c.impl.AxonServerManagedChannel    : Failed to get connection to AxonServer. Scheduling a reconnect in 2000ms
2025-12-28T17:17:55.590+01:00  INFO 22324 --- [user-service] [axon-connector-22324@DESKTOP-6GLV26S-1] i.a.a.c.impl.AxonServerManagedChannel    : Connection to AxonServer lost. Attempting to reconnect...
2025-12-28T17:17:55.604+01:00  INFO 22324 --- [user-service] [axon-connector-22324@DESKTOP-6GLV26S-1] i.a.a.c.impl.AxonServerManagedChannel    : Requesting connection details from localhost:8125
2025-12-28T17:17:55.624+01:00  WARN 22324 --- [user-service] [axon-connector-22324@DESKTOP-6GLV26S-1] i.a.a.c.impl.AxonServerManagedChannel    : Connecting to AxonServer node [localhost:8125] failed: UNAVAILABLE: Network closed for unknown reason
2025-12-28T17:17:55.624+01:00  INFO 22324 --- [user-service] [axon-connector-22324@DESKTOP-6GLV26S-1] i.a.a.c.impl.AxonServerManagedChannel    : Failed to get connection to AxonServer. Scheduling a reconnect in 2000ms
2025-12-28T17:17:57.632+01:00  INFO 22324 --- [user-service] [axon-connector-22324@DESKTOP-6GLV26S-0] i.a.a.c.impl.AxonServerManagedChannel    : Connection to AxonServer lost. Attempting to reconnect...
2025-12-28T17:17:57.643+01:00  INFO 22324 --- [user-service] [axon-connector-22324@DESKTOP-6GLV26S-0] i.a.a.c.impl.AxonServerManagedChannel    : Requesting connection details from localhost:8125
2025-12-28T17:17:57.653+01:00  WARN 22324 --- [user-service] [axon-connector-22324@DESKTOP-6GLV26S-0] i.a.a.c.impl.AxonServerManagedChannel    : Connecting to AxonServer node [localhost:8125] failed: UNAVAILABLE: Network closed for unknown reason
2025-12-28T17:17:57.653+01:00  INFO 22324 --- [user-service] [axon-connector-22324@DESKTOP-6GLV26S-0] i.a.a.c.impl.AxonServerManagedChannel    : Failed to get connection to AxonServer. Scheduling a reconnect in 2000ms
2025-12-28T17:17:59.659+01:00  INFO 22324 --- [user-service] [axon-connector-22324@DESKTOP-6GLV26S-0] i.a.a.c.impl.AxonServerManagedChannel    : Connection to AxonServer lost. Attempting to reconnect...
2025-12-28T17:17:59.668+01:00  INFO 22324 --- [user-service] [axon-connector-22324@DESKTOP-6GLV26S-0] i.a.a.c.impl.AxonServerManagedChannel    : Requesting connection details from localhost:8125
2025-12-28T17:17:59.697+01:00  WARN 22324 --- [user-service] [axon-connector-22324@DESKTOP-6GLV26S-0] i.a.a.c.impl.AxonServerManagedChannel    : Connecting to AxonServer node [localhost:8125] failed: UNAVAILABLE: Network closed for unknown reason
2025-12-28T17:17:59.697+01:00  INFO 22324 --- [user-service] [axon-connector-22324@DESKTOP-6GLV26S-0] i.a.a.c.impl.AxonServerManagedChannel    : Failed to get connection to AxonServer. Scheduling a reconnect in 2000ms
2025-12-28T17:18:01.713+01:00  INFO 22324 --- [user-service] [axon-connector-22324@DESKTOP-6GLV26S-0] i.a.a.c.impl.AxonServerManagedChannel    : Connection to AxonServer lost. Attempting to reconnect...
2025-12-28T17:18:01.720+01:00  INFO 22324 --- [user-service] [axon-connector-22324@DESKTOP-6GLV26S-0] i.a.a.c.impl.AxonServerManagedChannel    : Requesting connection details from localhost:8125
2025-12-28T17:18:01.780+01:00  WARN 22324 --- [user-service] [axon-connector-22324@DESKTOP-6GLV26S-0] i.a.a.c.impl.AxonServerManagedChannel    : Connecting to AxonServer node [localhost:8125] failed: UNAVAILABLE: Network closed for unknown reason
2025-12-28T17:18:01.780+01:00  INFO 22324 --- [user-service] [axon-connector-22324@DESKTOP-6GLV26S-0] i.a.a.c.impl.AxonServerManagedChannel    : Failed to get connection to AxonServer. Scheduling a reconnect in 2000ms
2025-12-28T17:18:03.784+01:00  INFO 22324 --- [user-service] [axon-connector-22324@DESKTOP-6GLV26S-1] i.a.a.c.impl.AxonServerManagedChannel    : Connection to AxonServer lost. Attempting to reconnect...
2025-12-28T17:18:03.792+01:00  INFO 22324 --- [user-service] [axon-connector-22324@DESKTOP-6GLV26S-1] i.a.a.c.impl.AxonServerManagedChannel    : Requesting connection details from localhost:8125
2025-12-28T17:18:03.800+01:00  WARN 22324 --- [user-service] [axon-connector-22324@DESKTOP-6GLV26S-1] i.a.a.c.impl.AxonServerManagedChannel    : Connecting to AxonServer node [localhost:8125] failed: UNAVAILABLE: Network closed for unknown reason
2025-12-28T17:18:03.800+01:00  INFO 22324 --- [user-service] [axon-connector-22324@DESKTOP-6GLV26S-1] i.a.a.c.impl.AxonServerManagedChannel    : Failed to get connection to AxonServer. Scheduling a reconnect in 2000ms
2025-12-28T17:18:05.807+01:00  INFO 22324 --- [user-service] [axon-connector-22324@DESKTOP-6GLV26S-0] i.a.a.c.impl.AxonServerManagedChannel    : Connection to AxonServer lost. Attempting to reconnect...
2025-12-28T17:18:05.815+01:00  INFO 22324 --- [user-service] [axon-connector-22324@DESKTOP-6GLV26S-0] i.a.a.c.impl.AxonServerManagedChannel    : Requesting connection details from localhost:8125
2025-12-28T17:18:05.847+01:00  WARN 22324 --- [user-service] [axon-connector-22324@DESKTOP-6GLV26S-0] i.a.a.c.impl.AxonServerManagedChannel    : Connecting to AxonServer node [localhost:8125] failed: UNAVAILABLE: Network closed for unknown reason
2025-12-28T17:18:05.847+01:00  INFO 22324 --- [user-service] [axon-connector-22324@DESKTOP-6GLV26S-0] i.a.a.c.impl.AxonServerManagedChannel    : Failed to get connection to AxonServer. Scheduling a reconnect in 2000ms
2025-12-28T17:18:07.858+01:00  INFO 22324 --- [user-service] [axon-connector-22324@DESKTOP-6GLV26S-1] i.a.a.c.impl.AxonServerManagedChannel    : Connection to AxonServer lost. Attempting to reconnect...
2025-12-28T17:18:07.865+01:00  INFO 22324 --- [user-service] [axon-connector-22324@DESKTOP-6GLV26S-1] i.a.a.c.impl.AxonServerManagedChannel    : Requesting connection details from localhost:8125
2025-12-28T17:18:07.877+01:00  WARN 22324 --- [user-service] [axon-connector-22324@DESKTOP-6GLV26S-1] i.a.a.c.impl.AxonServerManagedChannel    : Connecting to AxonServer node [localhost:8125] failed: UNAVAILABLE: Network closed for unknown reason
2025-12-28T17:18:07.877+01:00  INFO 22324 --- [user-service] [axon-connector-22324@DESKTOP-6GLV26S-1] i.a.a.c.impl.AxonServerManagedChannel    : Failed to get connection to AxonServer. Scheduling a reconnect in 2000ms
2025-12-28T17:18:09.877+01:00  INFO 22324 --- [user-service] [axon-connector-22324@DESKTOP-6GLV26S-0] i.a.a.c.impl.AxonServerManagedChannel    : Connection to AxonServer lost. Attempting to reconnect...
2025-12-28T17:18:09.884+01:00  INFO 22324 --- [user-service] [axon-connector-22324@DESKTOP-6GLV26S-0] i.a.a.c.impl.AxonServerManagedChannel    : Requesting connection details from localhost:8125
2025-12-28T17:18:09.895+01:00  WARN 22324 --- [user-service] [axon-connector-22324@DESKTOP-6GLV26S-0] i.a.a.c.impl.AxonServerManagedChannel    : Connecting to AxonServer node [localhost:8125] failed: UNAVAILABLE: Network closed for unknown reason
2025-12-28T17:18:09.895+01:00  INFO 22324 --- [user-service] [axon-connector-22324@DESKTOP-6GLV26S-0] i.a.a.c.impl.AxonServerManagedChannel    : Failed to get connection to AxonServer. Scheduling a reconnect in 2000ms
2025-12-28T17:18:11.900+01:00  INFO 22324 --- [user-service] [axon-connector-22324@DESKTOP-6GLV26S-0] i.a.a.c.impl.AxonServerManagedChannel    : Connection to AxonServer lost. Attempting to reconnect...
2025-12-28T17:18:11.905+01:00  INFO 22324 --- [user-service] [axon-connector-22324@DESKTOP-6GLV26S-0] i.a.a.c.impl.AxonServerManagedChannel    : Requesting connection details from localhost:8125
2025-12-28T17:18:11.921+01:00  WARN 22324 --- [user-service] [axon-connector-22324@DESKTOP-6GLV26S-0] i.a.a.c.impl.AxonServerManagedChannel    : Connecting to AxonServer node [localhost:8125] failed: UNAVAILABLE: Network closed for unknown reason
2025-12-28T17:18:11.921+01:00  INFO 22324 --- [user-service] [axon-connector-22324@DESKTOP-6GLV26S-0] i.a.a.c.impl.AxonServerManagedChannel    : Failed to get connection to AxonServer. Scheduling a reconnect in 2000ms
2025-12-28T17:18:13.928+01:00  INFO 22324 --- [user-service] [axon-connector-22324@DESKTOP-6GLV26S-0] i.a.a.c.impl.AxonServerManagedChannel    : Connection to AxonServer lost. Attempting to reconnect...
2025-12-28T17:18:13.945+01:00  INFO 22324 --- [user-service] [axon-connector-22324@DESKTOP-6GLV26S-0] i.a.a.c.impl.AxonServerManagedChannel    : Requesting connection details from localhost:8125
2025-12-28T17:18:13.963+01:00  WARN 22324 --- [user-service] [axon-connector-22324@DESKTOP-6GLV26S-0] i.a.a.c.impl.AxonServerManagedChannel    : Connecting to AxonServer node [localhost:8125] failed: UNAVAILABLE: Network closed for unknown reason
2025-12-28T17:18:13.963+01:00  INFO 22324 --- [user-service] [axon-connector-22324@DESKTOP-6GLV26S-0] i.a.a.c.impl.AxonServerManagedChannel    : Failed to get connection to AxonServer. Scheduling a reconnect in 2000ms
2025-12-28T17:18:15.970+01:00  INFO 22324 --- [user-service] [axon-connector-22324@DESKTOP-6GLV26S-1] i.a.a.c.impl.AxonServerManagedChannel    : Connection to AxonServer lost. Attempting to reconnect...
2025-12-28T17:18:15.980+01:00  INFO 22324 --- [user-service] [axon-connector-22324@DESKTOP-6GLV26S-1] i.a.a.c.impl.AxonServerManagedChannel    : Requesting connection details from localhost:8125
2025-12-28T17:18:15.990+01:00  WARN 22324 --- [user-service] [axon-connector-22324@DESKTOP-6GLV26S-1] i.a.a.c.impl.AxonServerManagedChannel    : Connecting to AxonServer node [localhost:8125] failed: UNAVAILABLE: Network closed for unknown reason
2025-12-28T17:18:15.990+01:00  INFO 22324 --- [user-service] [axon-connector-22324@DESKTOP-6GLV26S-1] i.a.a.c.impl.AxonServerManagedChannel    : Failed to get connection to AxonServer. Scheduling a reconnect in 2000ms
2025-12-28T17:18:18.004+01:00  INFO 22324 --- [user-service] [axon-connector-22324@DESKTOP-6GLV26S-0] i.a.a.c.impl.AxonServerManagedChannel    : Connection to AxonServer lost. Attempting to reconnect...
2025-12-28T17:18:18.011+01:00  INFO 22324 --- [user-service] [axon-connector-22324@DESKTOP-6GLV26S-0] i.a.a.c.impl.AxonServerManagedChannel    : Requesting connection details from localhost:8125
2025-12-28T17:18:18.019+01:00  WARN 22324 --- [user-service] [axon-connector-22324@DESKTOP-6GLV26S-0] i.a.a.c.impl.AxonServerManagedChannel    : Connecting to AxonServer node [localhost:8125] failed: UNAVAILABLE: Network closed for unknown reason
2025-12-28T17:18:18.019+01:00  INFO 22324 --- [user-service] [axon-connector-22324@DESKTOP-6GLV26S-0] i.a.a.c.impl.AxonServerManagedChannel    : Failed to get connection to AxonServer. Scheduling a reconnect in 2000ms
2025-12-28T17:18:20.023+01:00  INFO 22324 --- [user-service] [axon-connector-22324@DESKTOP-6GLV26S-1] i.a.a.c.impl.AxonServerManagedChannel    : Connection to AxonServer lost. Attempting to reconnect...
2025-12-28T17:18:20.034+01:00  INFO 22324 --- [user-service] [axon-connector-22324@DESKTOP-6GLV26S-1] i.a.a.c.impl.AxonServerManagedChannel    : Requesting connection details from localhost:8125
2025-12-28T17:18:20.045+01:00  WARN 22324 --- [user-service] [axon-connector-22324@DESKTOP-6GLV26S-1] i.a.a.c.impl.AxonServerManagedChannel    : Connecting to AxonServer node [localhost:8125] failed: UNAVAILABLE: Network closed for unknown reason
2025-12-28T17:18:20.046+01:00  INFO 22324 --- [user-service] [axon-connector-22324@DESKTOP-6GLV26S-1] i.a.a.c.impl.AxonServerManagedChannel    : Failed to get connection to AxonServer. Scheduling a reconnect in 2000ms
2025-12-28T17:18:22.046+01:00  INFO 22324 --- [user-service] [axon-connector-22324@DESKTOP-6GLV26S-1] i.a.a.c.impl.AxonServerManagedChannel    : Connection to AxonServer lost. Attempting to reconnect...
2025-12-28T17:18:22.054+01:00  INFO 22324 --- [user-service] [axon-connector-22324@DESKTOP-6GLV26S-1] i.a.a.c.impl.AxonServerManagedChannel    : Requesting connection details from localhost:8125
2025-12-28T17:18:22.068+01:00  WARN 22324 --- [user-service] [axon-connector-22324@DESKTOP-6GLV26S-1] i.a.a.c.impl.AxonServerManagedChannel    : Connecting to AxonServer node [localhost:8125] failed: UNAVAILABLE: Network closed for unknown reason
2025-12-28T17:18:22.068+01:00  INFO 22324 --- [user-service] [axon-connector-22324@DESKTOP-6GLV26S-1] i.a.a.c.impl.AxonServerManagedChannel    : Failed to get connection to AxonServer. Scheduling a reconnect in 2000ms
2025-12-28T17:18:24.071+01:00  INFO 22324 --- [user-service] [axon-connector-22324@DESKTOP-6GLV26S-0] i.a.a.c.impl.AxonServerManagedChannel    : Connection to AxonServer lost. Attempting to reconnect...
2025-12-28T17:18:24.079+01:00  INFO 22324 --- [user-service] [axon-connector-22324@DESKTOP-6GLV26S-0] i.a.a.c.impl.AxonServerManagedChannel    : Requesting connection details from localhost:8125
2025-12-28T17:18:24.088+01:00  WARN 22324 --- [user-service] [axon-connector-22324@DESKTOP-6GLV26S-0] i.a.a.c.impl.AxonServerManagedChannel    : Connecting to AxonServer node [localhost:8125] failed: UNAVAILABLE: Network closed for unknown reason
2025-12-28T17:18:24.088+01:00  INFO 22324 --- [user-service] [axon-connector-22324@DESKTOP-6GLV26S-0] i.a.a.c.impl.AxonServerManagedChannel    : Failed to get connection to AxonServer. Scheduling a reconnect in 2000ms
2025-12-28T17:18:26.091+01:00  INFO 22324 --- [user-service] [axon-connector-22324@DESKTOP-6GLV26S-1] i.a.a.c.impl.AxonServerManagedChannel    : Connection to AxonServer lost. Attempting to reconnect...
2025-12-28T17:18:26.098+01:00  INFO 22324 --- [user-service] [axon-connector-22324@DESKTOP-6GLV26S-1] i.a.a.c.impl.AxonServerManagedChannel    : Requesting connection details from localhost:8125
2025-12-28T17:18:26.109+01:00  WARN 22324 --- [user-service] [axon-connector-22324@DESKTOP-6GLV26S-1] i.a.a.c.impl.AxonServerManagedChannel    : Connecting to AxonServer node [localhost:8125] failed: UNAVAILABLE: Network closed for unknown reason
2025-12-28T17:18:26.109+01:00  INFO 22324 --- [user-service] [axon-connector-22324@DESKTOP-6GLV26S-1] i.a.a.c.impl.AxonServerManagedChannel    : Failed to get connection to AxonServer. Scheduling a reconnect in 2000ms
2025-12-28T17:18:27.585+01:00  INFO 22324 --- [user-service] [EventProcessor[user-group]-0] o.a.e.TrackingEventProcessor             : Fetched token: IndexTrackingToken{globalIndex=8} for segment: Segment[0/0]
2025-12-28T17:18:27.591+01:00  INFO 22324 --- [user-service] [EventProcessor[address-lookup-group]-0] o.a.e.TrackingEventProcessor             : Fetched token: IndexTrackingToken{globalIndex=8} for segment: Segment[0/0]
2025-12-28T17:18:27.595+01:00  WARN 22324 --- [user-service] [EventProcessor[user-group]-0] o.a.e.TrackingEventProcessor             : Releasing claim on token and preparing for retry in 60s
2025-12-28T17:18:27.597+01:00  WARN 22324 --- [user-service] [EventProcessor[address-lookup-group]-0] o.a.e.TrackingEventProcessor             : Releasing claim on token and preparing for retry in 60s
2025-12-28T17:18:27.615+01:00  INFO 22324 --- [user-service] [EventProcessor[address-lookup-group]-0] o.a.e.TrackingEventProcessor             : Released claim
2025-12-28T17:18:27.619+01:00  INFO 22324 --- [user-service] [EventProcessor[user-group]-0] o.a.e.TrackingEventProcessor             : Released claim
2025-12-28T17:18:28.125+01:00  INFO 22324 --- [user-service] [axon-connector-22324@DESKTOP-6GLV26S-0] i.a.a.c.impl.AxonServerManagedChannel    : Connection to AxonServer lost. Attempting to reconnect...
2025-12-28T17:18:28.132+01:00  INFO 22324 --- [user-service] [axon-connector-22324@DESKTOP-6GLV26S-0] i.a.a.c.impl.AxonServerManagedChannel    : Requesting connection details from localhost:8125
2025-12-28T17:18:28.150+01:00  WARN 22324 --- [user-service] [axon-connector-22324@DESKTOP-6GLV26S-0] i.a.a.c.impl.AxonServerManagedChannel    : Connecting to AxonServer node [localhost:8125] failed: UNAVAILABLE: Network closed for unknown reason
2025-12-28T17:18:28.150+01:00  INFO 22324 --- [user-service] [axon-connector-22324@DESKTOP-6GLV26S-0] i.a.a.c.impl.AxonServerManagedChannel    : Failed to get connection to AxonServer. Scheduling a reconnect in 2000ms
2025-12-28T17:18:30.156+01:00  INFO 22324 --- [user-service] [axon-connector-22324@DESKTOP-6GLV26S-1] i.a.a.c.impl.AxonServerManagedChannel    : Connection to AxonServer lost. Attempting to reconnect...
2025-12-28T17:18:30.165+01:00  INFO 22324 --- [user-service] [axon-connector-22324@DESKTOP-6GLV26S-1] i.a.a.c.impl.AxonServerManagedChannel    : Requesting connection details from localhost:8125
2025-12-28T17:18:30.177+01:00  WARN 22324 --- [user-service] [axon-connector-22324@DESKTOP-6GLV26S-1] i.a.a.c.impl.AxonServerManagedChannel    : Connecting to AxonServer node [localhost:8125] failed: UNAVAILABLE: Network closed for unknown reason
2025-12-28T17:18:30.177+01:00  INFO 22324 --- [user-service] [axon-connector-22324@DESKTOP-6GLV26S-1] i.a.a.c.impl.AxonServerManagedChannel    : Failed to get connection to AxonServer. Scheduling a reconnect in 2000ms
2025-12-28T17:18:32.181+01:00  INFO 22324 --- [user-service] [axon-connector-22324@DESKTOP-6GLV26S-1] i.a.a.c.impl.AxonServerManagedChannel    : Connection to AxonServer lost. Attempting to reconnect...
2025-12-28T17:18:32.188+01:00  INFO 22324 --- [user-service] [axon-connector-22324@DESKTOP-6GLV26S-1] i.a.a.c.impl.AxonServerManagedChannel    : Requesting connection details from localhost:8125
2025-12-28T17:18:32.200+01:00  WARN 22324 --- [user-service] [axon-connector-22324@DESKTOP-6GLV26S-1] i.a.a.c.impl.AxonServerManagedChannel    : Connecting to AxonServer node [localhost:8125] failed: UNAVAILABLE: Network closed for unknown reason
2025-12-28T17:18:32.200+01:00  INFO 22324 --- [user-service] [axon-connector-22324@DESKTOP-6GLV26S-1] i.a.a.c.impl.AxonServerManagedChannel    : Failed to get connection to AxonServer. Scheduling a reconnect in 2000ms
2025-12-28T17:18:34.207+01:00  INFO 22324 --- [user-service] [axon-connector-22324@DESKTOP-6GLV26S-1] i.a.a.c.impl.AxonServerManagedChannel    : Connection to AxonServer lost. Attempting to reconnect...
2025-12-28T17:18:34.215+01:00  INFO 22324 --- [user-service] [axon-connector-22324@DESKTOP-6GLV26S-1] i.a.a.c.impl.AxonServerManagedChannel    : Requesting connection details from localhost:8125
2025-12-28T17:18:34.226+01:00  WARN 22324 --- [user-service] [axon-connector-22324@DESKTOP-6GLV26S-1] i.a.a.c.impl.AxonServerManagedChannel    : Connecting to AxonServer node [localhost:8125] failed: UNAVAILABLE: Network closed for unknown reason
2025-12-28T17:18:34.226+01:00  INFO 22324 --- [user-service] [axon-connector-22324@DESKTOP-6GLV26S-1] i.a.a.c.impl.AxonServerManagedChannel    : Failed to get connection to AxonServer. Scheduling a reconnect in 2000ms
2025-12-28T17:18:36.239+01:00  INFO 22324 --- [user-service] [axon-connector-22324@DESKTOP-6GLV26S-0] i.a.a.c.impl.AxonServerManagedChannel    : Connection to AxonServer lost. Attempting to reconnect...
2025-12-28T17:18:36.250+01:00  INFO 22324 --- [user-service] [axon-connector-22324@DESKTOP-6GLV26S-0] i.a.a.c.impl.AxonServerManagedChannel    : Requesting connection details from localhost:8125
2025-12-28T17:18:36.935+01:00  WARN 22324 --- [user-service] [axon-connector-22324@DESKTOP-6GLV26S-0] i.a.a.c.impl.AxonServerManagedChannel    : Connecting to AxonServer node [localhost:8125] failed: UNAVAILABLE: [AXONIQ-1400] No active AxonServers found for context "default"
2025-12-28T17:18:36.935+01:00  INFO 22324 --- [user-service] [axon-connector-22324@DESKTOP-6GLV26S-0] i.a.a.c.impl.AxonServerManagedChannel    : Failed to get connection to AxonServer. Scheduling a reconnect in 2000ms
2025-12-28T17:18:38.949+01:00  INFO 22324 --- [user-service] [axon-connector-22324@DESKTOP-6GLV26S-0] i.a.a.c.impl.AxonServerManagedChannel    : Connection to AxonServer lost. Attempting to reconnect...
2025-12-28T17:18:38.956+01:00  INFO 22324 --- [user-service] [axon-connector-22324@DESKTOP-6GLV26S-0] i.a.a.c.impl.AxonServerManagedChannel    : Requesting connection details from localhost:8125
2025-12-28T17:18:39.071+01:00  INFO 22324 --- [user-service] [axon-connector-22324@DESKTOP-6GLV26S-0] i.a.a.c.impl.AxonServerManagedChannel    : Successfully connected to localhost:8125
2025-12-28T17:18:39.336+01:00  INFO 22324 --- [user-service] [axon-connector-22324@DESKTOP-6GLV26S-0] i.a.a.connector.impl.ControlChannelImpl  : Connected instruction stream for context 'default'. Sending client identification
2025-12-28T17:18:39.602+01:00  INFO 22324 --- [user-service] [grpc-default-executor-0] i.a.a.c.query.impl.QueryChannelImpl      : QueryChannel for context 'default' connected, 3 registrations resubscribed
2025-12-28T17:18:39.778+01:00  INFO 22324 --- [user-service] [grpc-default-executor-1] i.a.a.c.command.impl.CommandChannelImpl  : CommandChannel for context 'default' connected, 6 command handlers registered
2025-12-28T17:19:04.476+01:00  INFO 22324 --- [user-service] [grpc-default-executor-1] i.a.a.c.impl.AxonServerManagedChannel    : Reconnect for context default requested. Closing current connection.
2025-12-28T17:19:04.476+01:00  INFO 22324 --- [user-service] [grpc-default-executor-2] i.a.a.c.query.impl.QueryChannelImpl      : Error on QueryChannel for context default

io.grpc.StatusRuntimeException: UNAVAILABLE: Keepalive failed. The connection is likely gone
	at io.grpc.Status.asRuntimeException(Status.java:532) ~[grpc-api-1.69.0.jar:1.69.0]
	at io.grpc.stub.ClientCalls$StreamObserverToCallListenerAdapter.onClose(ClientCalls.java:481) ~[grpc-stub-1.69.0.jar:1.69.0]
	at io.grpc.PartialForwardingClientCallListener.onClose(PartialForwardingClientCallListener.java:39) ~[grpc-api-1.69.0.jar:1.69.0]
	at io.grpc.ForwardingClientCallListener.onClose(ForwardingClientCallListener.java:23) ~[grpc-api-1.69.0.jar:1.69.0]
	at io.grpc.ForwardingClientCallListener$SimpleForwardingClientCallListener.onClose(ForwardingClientCallListener.java:40) ~[grpc-api-1.69.0.jar:1.69.0]
	at io.grpc.internal.ClientCallImpl.closeObserver(ClientCallImpl.java:564) ~[grpc-core-1.69.0.jar:1.69.0]
	at io.grpc.internal.ClientCallImpl.access$100(ClientCallImpl.java:72) ~[grpc-core-1.69.0.jar:1.69.0]
	at io.grpc.internal.ClientCallImpl$ClientStreamListenerImpl$1StreamClosed.runInternal(ClientCallImpl.java:729) ~[grpc-core-1.69.0.jar:1.69.0]
	at io.grpc.internal.ClientCallImpl$ClientStreamListenerImpl$1StreamClosed.runInContext(ClientCallImpl.java:710) ~[grpc-core-1.69.0.jar:1.69.0]
	at io.grpc.internal.ContextRunnable.run(ContextRunnable.java:37) ~[grpc-core-1.69.0.jar:1.69.0]
	at io.grpc.internal.SerializingExecutor.run(SerializingExecutor.java:133) ~[grpc-core-1.69.0.jar:1.69.0]
	at java.base/java.util.concurrent.ThreadPoolExecutor.runWorker(ThreadPoolExecutor.java:1144) ~[na:na]
	at java.base/java.util.concurrent.ThreadPoolExecutor$Worker.run(ThreadPoolExecutor.java:642) ~[na:na]
	at java.base/java.lang.Thread.run(Thread.java:1583) ~[na:na]

2025-12-28T17:19:04.492+01:00  INFO 22324 --- [user-service] [axon-connector-22324@DESKTOP-6GLV26S-0] i.a.a.c.impl.AxonServerManagedChannel    : Requesting connection details from localhost:8125
2025-12-28T17:19:09.497+01:00  WARN 22324 --- [user-service] [axon-connector-22324@DESKTOP-6GLV26S-0] i.a.a.c.impl.AxonServerManagedChannel    : Connecting to AxonServer node [localhost:8125] failed.

io.grpc.StatusRuntimeException: DEADLINE_EXCEEDED: CallOptions deadline exceeded after 4.999131900s. Name resolution delay 0.000431600 seconds. [closed=[], open=[[buffered_nanos=5003027900, waiting_for_connection]]]
	at io.grpc.stub.ClientCalls.toStatusRuntimeException(ClientCalls.java:268) ~[grpc-stub-1.69.0.jar:1.69.0]
	at io.grpc.stub.ClientCalls.getUnchecked(ClientCalls.java:249) ~[grpc-stub-1.69.0.jar:1.69.0]
	at io.grpc.stub.ClientCalls.blockingUnaryCall(ClientCalls.java:167) ~[grpc-stub-1.69.0.jar:1.69.0]
	at io.axoniq.axonserver.grpc.control.PlatformServiceGrpc$PlatformServiceBlockingStub.getPlatformServer(PlatformServiceGrpc.java:251) ~[axonserver-connector-java-2024.2.4.jar:2024.2.4]
	at io.axoniq.axonserver.connector.impl.AxonServerManagedChannel.connectChannel(AxonServerManagedChannel.java:122) ~[axonserver-connector-java-2024.2.4.jar:2024.2.4]
	at io.axoniq.axonserver.connector.impl.AxonServerManagedChannel.createConnection(AxonServerManagedChannel.java:343) ~[axonserver-connector-java-2024.2.4.jar:2024.2.4]
	at io.axoniq.axonserver.connector.impl.AxonServerManagedChannel.ensureConnected(AxonServerManagedChannel.java:308) ~[axonserver-connector-java-2024.2.4.jar:2024.2.4]
	at io.axoniq.axonserver.connector.impl.AxonServerManagedChannel.lambda$scheduleConnectionCheck$4(AxonServerManagedChannel.java:386) ~[axonserver-connector-java-2024.2.4.jar:2024.2.4]
	at java.base/java.util.concurrent.Executors$RunnableAdapter.call(Executors.java:572) ~[na:na]
	at java.base/java.util.concurrent.FutureTask.run(FutureTask.java:317) ~[na:na]
	at java.base/java.util.concurrent.ScheduledThreadPoolExecutor$ScheduledFutureTask.run(ScheduledThreadPoolExecutor.java:304) ~[na:na]
	at java.base/java.util.concurrent.ThreadPoolExecutor.runWorker(ThreadPoolExecutor.java:1144) ~[na:na]
	at java.base/java.util.concurrent.ThreadPoolExecutor$Worker.run(ThreadPoolExecutor.java:642) ~[na:na]
	at java.base/java.lang.Thread.run(Thread.java:1583) ~[na:na]

2025-12-28T17:19:09.498+01:00  INFO 22324 --- [user-service] [axon-connector-22324@DESKTOP-6GLV26S-0] i.a.a.c.impl.AxonServerManagedChannel    : Failed to get connection to AxonServer. Scheduling a reconnect in 2000ms
2025-12-28T17:19:11.509+01:00  INFO 22324 --- [user-service] [axon-connector-22324@DESKTOP-6GLV26S-0] i.a.a.c.impl.AxonServerManagedChannel    : Requesting connection details from localhost:8125
2025-12-28T17:19:14.314+01:00  WARN 22324 --- [user-service] [HikariPool-1:housekeeper] com.zaxxer.hikari.pool.PoolBase          : HikariPool-1 - Failed to validate connection com.mysql.cj.jdbc.ConnectionImpl@72e020ef (No operations allowed after connection closed.). Possibly consider using a shorter maxLifetime value.
2025-12-28T17:19:16.525+01:00  WARN 22324 --- [user-service] [axon-connector-22324@DESKTOP-6GLV26S-0] i.a.a.c.impl.AxonServerManagedChannel    : Connecting to AxonServer node [localhost:8125] failed: DEADLINE_EXCEEDED: CallOptions deadline exceeded after 4.999349800s. Name resolution delay 0.000134300 seconds. [closed=[], open=[[buffered_nanos=5013460200, waiting_for_connection]]]
2025-12-28T17:19:16.525+01:00  INFO 22324 --- [user-service] [axon-connector-22324@DESKTOP-6GLV26S-0] i.a.a.c.impl.AxonServerManagedChannel    : Failed to get connection to AxonServer. Scheduling a reconnect in 2000ms
2025-12-28T17:19:18.547+01:00  INFO 22324 --- [user-service] [axon-connector-22324@DESKTOP-6GLV26S-1] i.a.a.c.impl.AxonServerManagedChannel    : Requesting connection details from localhost:8125
2025-12-28T17:19:23.555+01:00  WARN 22324 --- [user-service] [axon-connector-22324@DESKTOP-6GLV26S-1] i.a.a.c.impl.AxonServerManagedChannel    : Connecting to AxonServer node [localhost:8125] failed: DEADLINE_EXCEEDED: CallOptions deadline exceeded after 4.999231500s. Name resolution delay 0.000202900 seconds. [closed=[], open=[[buffered_nanos=5005980000, waiting_for_connection]]]
2025-12-28T17:19:23.555+01:00  INFO 22324 --- [user-service] [axon-connector-22324@DESKTOP-6GLV26S-1] i.a.a.c.impl.AxonServerManagedChannel    : Failed to get connection to AxonServer. Scheduling a reconnect in 2000ms
2025-12-28T17:19:24.333+01:00  WARN 22324 --- [user-service] [HikariPool-1:housekeeper] com.zaxxer.hikari.pool.PoolBase          : HikariPool-1 - Failed to validate connection com.mysql.cj.jdbc.ConnectionImpl@79e13f38 (No operations allowed after connection closed.). Possibly consider using a shorter maxLifetime value.
2025-12-28T17:19:25.578+01:00  INFO 22324 --- [user-service] [axon-connector-22324@DESKTOP-6GLV26S-1] i.a.a.c.impl.AxonServerManagedChannel    : Requesting connection details from localhost:8125
2025-12-28T17:19:30.587+01:00  WARN 22324 --- [user-service] [axon-connector-22324@DESKTOP-6GLV26S-1] i.a.a.c.impl.AxonServerManagedChannel    : Connecting to AxonServer node [localhost:8125] failed: DEADLINE_EXCEEDED: CallOptions deadline exceeded after 4.999171300s. Name resolution delay 0.000207700 seconds. [closed=[], open=[[buffered_nanos=5006983300, waiting_for_connection]]]
2025-12-28T17:19:30.587+01:00  INFO 22324 --- [user-service] [axon-connector-22324@DESKTOP-6GLV26S-1] i.a.a.c.impl.AxonServerManagedChannel    : Failed to get connection to AxonServer. Scheduling a reconnect in 2000ms
2025-12-28T17:19:32.602+01:00  INFO 22324 --- [user-service] [axon-connector-22324@DESKTOP-6GLV26S-0] i.a.a.c.impl.AxonServerManagedChannel    : Requesting connection details from localhost:8125
2025-12-28T17:19:34.353+01:00  WARN 22324 --- [user-service] [HikariPool-1:housekeeper] com.zaxxer.hikari.pool.PoolBase          : HikariPool-1 - Failed to validate connection com.mysql.cj.jdbc.ConnectionImpl@4849fea2 (No operations allowed after connection closed.). Possibly consider using a shorter maxLifetime value.
2025-12-28T17:19:34.353+01:00  WARN 22324 --- [user-service] [HikariPool-1:housekeeper] com.zaxxer.hikari.pool.HikariPool        : HikariPool-1 - Thread starvation or clock leap detected (housekeeper delta=47s366ms943µs500ns).
2025-12-28T17:19:37.611+01:00  WARN 22324 --- [user-service] [axon-connector-22324@DESKTOP-6GLV26S-0] i.a.a.c.impl.AxonServerManagedChannel    : Connecting to AxonServer node [localhost:8125] failed: DEADLINE_EXCEEDED: CallOptions deadline exceeded after 4.999296700s. Name resolution delay 0.000155800 seconds. [closed=[], open=[[buffered_nanos=5007424000, waiting_for_connection]]]
2025-12-28T17:19:37.611+01:00  INFO 22324 --- [user-service] [axon-connector-22324@DESKTOP-6GLV26S-0] i.a.a.c.impl.AxonServerManagedChannel    : Failed to get connection to AxonServer. Scheduling a reconnect in 2000ms
2025-12-28T17:19:37.641+01:00  WARN 22324 --- [user-service] [EventProcessor[address-lookup-group]-0] com.zaxxer.hikari.pool.PoolBase          : HikariPool-1 - Failed to validate connection com.mysql.cj.jdbc.ConnectionImpl@1d7ed0b4 (No operations allowed after connection closed.). Possibly consider using a shorter maxLifetime value.
2025-12-28T17:19:37.656+01:00  WARN 22324 --- [user-service] [EventProcessor[user-group]-0] com.zaxxer.hikari.pool.PoolBase          : HikariPool-1 - Failed to validate connection com.mysql.cj.jdbc.ConnectionImpl@43dc254f (No operations allowed after connection closed.). Possibly consider using a shorter maxLifetime value.
2025-12-28T17:19:39.631+01:00  INFO 22324 --- [user-service] [axon-connector-22324@DESKTOP-6GLV26S-1] i.a.a.c.impl.AxonServerManagedChannel    : Requesting connection details from localhost:8125
2025-12-28T17:19:44.368+01:00  WARN 22324 --- [user-service] [HikariPool-1:housekeeper] com.zaxxer.hikari.pool.PoolBase          : HikariPool-1 - Failed to validate connection com.mysql.cj.jdbc.ConnectionImpl@6f93e7a8 (No operations allowed after connection closed.). Possibly consider using a shorter maxLifetime value.
2025-12-28T17:19:44.636+01:00  WARN 22324 --- [user-service] [axon-connector-22324@DESKTOP-6GLV26S-1] i.a.a.c.impl.AxonServerManagedChannel    : Connecting to AxonServer node [localhost:8125] failed: DEADLINE_EXCEEDED: CallOptions deadline exceeded after 4.998787400s. Name resolution delay 0.000743800 seconds. [closed=[], open=[[buffered_nanos=5002496600, waiting_for_connection]]]
2025-12-28T17:19:44.636+01:00  INFO 22324 --- [user-service] [axon-connector-22324@DESKTOP-6GLV26S-1] i.a.a.c.impl.AxonServerManagedChannel    : Failed to get connection to AxonServer. Scheduling a reconnect in 2000ms
2025-12-28T17:19:46.652+01:00  INFO 22324 --- [user-service] [axon-connector-22324@DESKTOP-6GLV26S-0] i.a.a.c.impl.AxonServerManagedChannel    : Requesting connection details from localhost:8125
2025-12-28T17:19:47.650+01:00  WARN 22324 --- [user-service] [EventProcessor[address-lookup-group]-0] com.zaxxer.hikari.pool.PoolBase          : HikariPool-1 - Failed to validate connection com.mysql.cj.jdbc.ConnectionImpl@5430fb98 (No operations allowed after connection closed.). Possibly consider using a shorter maxLifetime value.
2025-12-28T17:19:47.665+01:00  WARN 22324 --- [user-service] [EventProcessor[user-group]-0] com.zaxxer.hikari.pool.PoolBase          : HikariPool-1 - Failed to validate connection com.mysql.cj.jdbc.ConnectionImpl@3b9a10eb (No operations allowed after connection closed.). Possibly consider using a shorter maxLifetime value.
2025-12-28T17:19:51.667+01:00  WARN 22324 --- [user-service] [axon-connector-22324@DESKTOP-6GLV26S-0] i.a.a.c.impl.AxonServerManagedChannel    : Connecting to AxonServer node [localhost:8125] failed: DEADLINE_EXCEEDED: CallOptions deadline exceeded after 4.999349000s. Name resolution delay 0.000169800 seconds. [closed=[], open=[[buffered_nanos=5013577200, waiting_for_connection]]]
2025-12-28T17:19:51.667+01:00  INFO 22324 --- [user-service] [axon-connector-22324@DESKTOP-6GLV26S-0] i.a.a.c.impl.AxonServerManagedChannel    : Failed to get connection to AxonServer. Scheduling a reconnect in 2000ms
2025-12-28T17:19:53.679+01:00  INFO 22324 --- [user-service] [axon-connector-22324@DESKTOP-6GLV26S-1] i.a.a.c.impl.AxonServerManagedChannel    : Requesting connection details from localhost:8125
2025-12-28T17:19:54.387+01:00  WARN 22324 --- [user-service] [HikariPool-1:housekeeper] com.zaxxer.hikari.pool.PoolBase          : HikariPool-1 - Failed to validate connection com.mysql.cj.jdbc.ConnectionImpl@3997f78b (No operations allowed after connection closed.). Possibly consider using a shorter maxLifetime value.
2025-12-28T17:19:57.640+01:00  WARN 22324 --- [user-service] [EventProcessor[user-group]-0] o.h.engine.jdbc.spi.SqlExceptionHelper   : SQL Error: 0, SQLState: 08003
2025-12-28T17:19:57.640+01:00 ERROR 22324 --- [user-service] [EventProcessor[user-group]-0] o.h.engine.jdbc.spi.SqlExceptionHelper   : HikariPool-1 - Connection is not available, request timed out after 30002ms (total=1, active=1, idle=0, waiting=0)
2025-12-28T17:19:57.640+01:00 ERROR 22324 --- [user-service] [EventProcessor[user-group]-0] o.h.engine.jdbc.spi.SqlExceptionHelper   : No operations allowed after connection closed.
2025-12-28T17:19:57.661+01:00  WARN 22324 --- [user-service] [EventProcessor[address-lookup-group]-0] com.zaxxer.hikari.pool.PoolBase          : HikariPool-1 - Failed to validate connection com.mysql.cj.jdbc.ConnectionImpl@73ceb6b2 (No operations allowed after connection closed.). Possibly consider using a shorter maxLifetime value.
2025-12-28T17:19:57.661+01:00  WARN 22324 --- [user-service] [EventProcessor[address-lookup-group]-0] o.h.engine.jdbc.spi.SqlExceptionHelper   : SQL Error: 0, SQLState: 08003
2025-12-28T17:19:57.661+01:00 ERROR 22324 --- [user-service] [EventProcessor[address-lookup-group]-0] o.h.engine.jdbc.spi.SqlExceptionHelper   : HikariPool-1 - Connection is not available, request timed out after 30044ms (total=0, active=0, idle=0, waiting=0)
2025-12-28T17:19:57.661+01:00 ERROR 22324 --- [user-service] [EventProcessor[address-lookup-group]-0] o.h.engine.jdbc.spi.SqlExceptionHelper   : No operations allowed after connection closed.
2025-12-28T17:19:57.663+01:00  WARN 22324 --- [user-service] [EventProcessor[user-group]-0] o.a.e.TrackingEventProcessor             : Releasing claim on token and preparing for retry in 60s
2025-12-28T17:19:57.663+01:00  WARN 22324 --- [user-service] [EventProcessor[address-lookup-group]-0] o.a.e.TrackingEventProcessor             : Releasing claim on token and preparing for retry in 60s
2025-12-28T17:19:58.687+01:00  WARN 22324 --- [user-service] [axon-connector-22324@DESKTOP-6GLV26S-1] i.a.a.c.impl.AxonServerManagedChannel    : Connecting to AxonServer node [localhost:8125] failed: DEADLINE_EXCEEDED: CallOptions deadline exceeded after 4.999353300s. Name resolution delay 0.000176600 seconds. [closed=[], open=[[buffered_nanos=5005589500, waiting_for_connection]]]
2025-12-28T17:19:58.687+01:00  INFO 22324 --- [user-service] [axon-connector-22324@DESKTOP-6GLV26S-1] i.a.a.c.impl.AxonServerManagedChannel    : Failed to get connection to AxonServer. Scheduling a reconnect in 2000ms
2025-12-28T17:20:00.705+01:00  INFO 22324 --- [user-service] [axon-connector-22324@DESKTOP-6GLV26S-0] i.a.a.c.impl.AxonServerManagedChannel    : Requesting connection details from localhost:8125
2025-12-28T17:20:05.713+01:00  WARN 22324 --- [user-service] [axon-connector-22324@DESKTOP-6GLV26S-0] i.a.a.c.impl.AxonServerManagedChannel    : Connecting to AxonServer node [localhost:8125] failed: DEADLINE_EXCEEDED: CallOptions deadline exceeded after 4.999372200s. Name resolution delay 0.000142800 seconds. [closed=[], open=[[buffered_nanos=5006082100, waiting_for_connection]]]
2025-12-28T17:20:05.713+01:00  INFO 22324 --- [user-service] [axon-connector-22324@DESKTOP-6GLV26S-0] i.a.a.c.impl.AxonServerManagedChannel    : Failed to get connection to AxonServer. Scheduling a reconnect in 2000ms
2025-12-28T17:20:07.728+01:00  INFO 22324 --- [user-service] [axon-connector-22324@DESKTOP-6GLV26S-0] i.a.a.c.impl.AxonServerManagedChannel    : Requesting connection details from localhost:8125
2025-12-28T17:20:12.744+01:00  WARN 22324 --- [user-service] [axon-connector-22324@DESKTOP-6GLV26S-0] i.a.a.c.impl.AxonServerManagedChannel    : Connecting to AxonServer node [localhost:8125] failed: DEADLINE_EXCEEDED: CallOptions deadline exceeded after 4.999152200s. Name resolution delay 0.000377900 seconds. [closed=[], open=[[buffered_nanos=5015050400, waiting_for_connection]]]
2025-12-28T17:20:12.744+01:00  INFO 22324 --- [user-service] [axon-connector-22324@DESKTOP-6GLV26S-0] i.a.a.c.impl.AxonServerManagedChannel    : Failed to get connection to AxonServer. Scheduling a reconnect in 2000ms
2025-12-28T17:20:14.756+01:00  INFO 22324 --- [user-service] [axon-connector-22324@DESKTOP-6GLV26S-0] i.a.a.c.impl.AxonServerManagedChannel    : Requesting connection details from localhost:8125
2025-12-28T17:20:19.760+01:00  WARN 22324 --- [user-service] [axon-connector-22324@DESKTOP-6GLV26S-0] i.a.a.c.impl.AxonServerManagedChannel    : Connecting to AxonServer node [localhost:8125] failed: DEADLINE_EXCEEDED: CallOptions deadline exceeded after 4.997634500s. Name resolution delay 0.000448000 seconds. [closed=[], open=[[buffered_nanos=5000855400, waiting_for_connection]]]
2025-12-28T17:20:19.760+01:00  INFO 22324 --- [user-service] [axon-connector-22324@DESKTOP-6GLV26S-0] i.a.a.c.impl.AxonServerManagedChannel    : Failed to get connection to AxonServer. Scheduling a reconnect in 2000ms
2025-12-28T17:20:21.780+01:00  INFO 22324 --- [user-service] [axon-connector-22324@DESKTOP-6GLV26S-1] i.a.a.c.impl.AxonServerManagedChannel    : Requesting connection details from localhost:8125
2025-12-28T17:20:26.786+01:00  WARN 22324 --- [user-service] [axon-connector-22324@DESKTOP-6GLV26S-1] i.a.a.c.impl.AxonServerManagedChannel    : Connecting to AxonServer node [localhost:8125] failed: DEADLINE_EXCEEDED: CallOptions deadline exceeded after 4.999325400s. Name resolution delay 0.000166100 seconds. [closed=[], open=[[buffered_nanos=5003182600, waiting_for_connection]]]
2025-12-28T17:20:26.786+01:00  INFO 22324 --- [user-service] [axon-connector-22324@DESKTOP-6GLV26S-1] i.a.a.c.impl.AxonServerManagedChannel    : Failed to get connection to AxonServer. Scheduling a reconnect in 2000ms
2025-12-28T17:20:27.678+01:00  WARN 22324 --- [user-service] [EventProcessor[address-lookup-group]-0] o.h.engine.jdbc.spi.SqlExceptionHelper   : SQL Error: 0, SQLState: 08S01
2025-12-28T17:20:27.678+01:00  WARN 22324 --- [user-service] [EventProcessor[user-group]-0] o.h.engine.jdbc.spi.SqlExceptionHelper   : SQL Error: 0, SQLState: 08S01
2025-12-28T17:20:27.678+01:00 ERROR 22324 --- [user-service] [EventProcessor[address-lookup-group]-0] o.h.engine.jdbc.spi.SqlExceptionHelper   : HikariPool-1 - Connection is not available, request timed out after 30013ms (total=0, active=0, idle=0, waiting=0)
2025-12-28T17:20:27.678+01:00 ERROR 22324 --- [user-service] [EventProcessor[user-group]-0] o.h.engine.jdbc.spi.SqlExceptionHelper   : HikariPool-1 - Connection is not available, request timed out after 30013ms (total=0, active=0, idle=0, waiting=0)
2025-12-28T17:20:27.678+01:00 ERROR 22324 --- [user-service] [EventProcessor[address-lookup-group]-0] o.h.engine.jdbc.spi.SqlExceptionHelper   : Communications link failure

The last packet sent successfully to the server was 0 milliseconds ago. The driver has not received any packets from the server.
2025-12-28T17:20:27.678+01:00 ERROR 22324 --- [user-service] [EventProcessor[user-group]-0] o.h.engine.jdbc.spi.SqlExceptionHelper   : Communications link failure

The last packet sent successfully to the server was 0 milliseconds ago. The driver has not received any packets from the server.
2025-12-28T17:20:27.678+01:00  INFO 22324 --- [user-service] [EventProcessor[user-group]-0] o.a.e.TrackingEventProcessor             : Release claim failed
2025-12-28T17:20:27.678+01:00  INFO 22324 --- [user-service] [EventProcessor[address-lookup-group]-0] o.a.e.TrackingEventProcessor             : Release claim failed
2025-12-28T17:20:28.798+01:00  INFO 22324 --- [user-service] [axon-connector-22324@DESKTOP-6GLV26S-0] i.a.a.c.impl.AxonServerManagedChannel    : Requesting connection details from localhost:8125
2025-12-28T17:20:33.803+01:00  WARN 22324 --- [user-service] [axon-connector-22324@DESKTOP-6GLV26S-0] i.a.a.c.impl.AxonServerManagedChannel    : Connecting to AxonServer node [localhost:8125] failed: DEADLINE_EXCEEDED: CallOptions deadline exceeded after 4.999398200s. Name resolution delay 0.000147000 seconds. [closed=[], open=[[buffered_nanos=5003592200, waiting_for_connection]]]
2025-12-28T17:20:33.803+01:00  INFO 22324 --- [user-service] [axon-connector-22324@DESKTOP-6GLV26S-0] i.a.a.c.impl.AxonServerManagedChannel    : Failed to get connection to AxonServer. Scheduling a reconnect in 2000ms
2025-12-28T17:20:35.815+01:00  INFO 22324 --- [user-service] [axon-connector-22324@DESKTOP-6GLV26S-0] i.a.a.c.impl.AxonServerManagedChannel    : Requesting connection details from localhost:8125
2025-12-28T17:20:40.822+01:00  WARN 22324 --- [user-service] [axon-connector-22324@DESKTOP-6GLV26S-0] i.a.a.c.impl.AxonServerManagedChannel    : Connecting to AxonServer node [localhost:8125] failed: DEADLINE_EXCEEDED: CallOptions deadline exceeded after 4.999191000s. Name resolution delay 0.000252800 seconds. [closed=[], open=[[buffered_nanos=5003733600, waiting_for_connection]]]
2025-12-28T17:20:40.822+01:00  INFO 22324 --- [user-service] [axon-connector-22324@DESKTOP-6GLV26S-0] i.a.a.c.impl.AxonServerManagedChannel    : Failed to get connection to AxonServer. Scheduling a reconnect in 2000ms
2025-12-28T17:20:42.831+01:00  INFO 22324 --- [user-service] [axon-connector-22324@DESKTOP-6GLV26S-0] i.a.a.c.impl.AxonServerManagedChannel    : Requesting connection details from localhost:8125
2025-12-28T17:20:44.369+01:00  WARN 22324 --- [user-service] [HikariPool-1:connection-adder] com.zaxxer.hikari.pool.PoolBase          : HikariPool-1 - Pool is empty, failed to create/setup connection (cf7745ac-2b2b-4953-8abd-ab165fc61e1b)

com.mysql.cj.jdbc.exceptions.CommunicationsException: Communications link failure

The last packet sent successfully to the server was 0 milliseconds ago. The driver has not received any packets from the server.
	at com.mysql.cj.jdbc.exceptions.SQLError.createCommunicationsException(SQLError.java:165) ~[mysql-connector-j-9.4.0.jar:9.4.0]
	at com.mysql.cj.jdbc.exceptions.SQLExceptionsMapping.translateException(SQLExceptionsMapping.java:55) ~[mysql-connector-j-9.4.0.jar:9.4.0]
	at com.mysql.cj.jdbc.ConnectionImpl.createNewIO(ConnectionImpl.java:839) ~[mysql-connector-j-9.4.0.jar:9.4.0]
	at com.mysql.cj.jdbc.ConnectionImpl.<init>(ConnectionImpl.java:415) ~[mysql-connector-j-9.4.0.jar:9.4.0]
	at com.mysql.cj.jdbc.ConnectionImpl.getInstance(ConnectionImpl.java:237) ~[mysql-connector-j-9.4.0.jar:9.4.0]
	at com.mysql.cj.jdbc.NonRegisteringDriver.connect(NonRegisteringDriver.java:180) ~[mysql-connector-j-9.4.0.jar:9.4.0]
	at com.zaxxer.hikari.util.DriverDataSource.getConnection(DriverDataSource.java:144) ~[HikariCP-6.3.3.jar:na]
	at com.zaxxer.hikari.pool.PoolBase.newConnection(PoolBase.java:370) ~[HikariCP-6.3.3.jar:na]
	at com.zaxxer.hikari.pool.PoolBase.newPoolEntry(PoolBase.java:207) ~[HikariCP-6.3.3.jar:na]
	at com.zaxxer.hikari.pool.HikariPool.createPoolEntry(HikariPool.java:488) ~[HikariCP-6.3.3.jar:na]
	at com.zaxxer.hikari.pool.HikariPool$PoolEntryCreator.call(HikariPool.java:752) ~[HikariCP-6.3.3.jar:na]
	at com.zaxxer.hikari.pool.HikariPool$PoolEntryCreator.call(HikariPool.java:731) ~[HikariCP-6.3.3.jar:na]
	at java.base/java.util.concurrent.FutureTask.run(FutureTask.java:317) ~[na:na]
	at java.base/java.util.concurrent.ThreadPoolExecutor.runWorker(ThreadPoolExecutor.java:1144) ~[na:na]
	at java.base/java.util.concurrent.ThreadPoolExecutor$Worker.run(ThreadPoolExecutor.java:642) ~[na:na]
	at java.base/java.lang.Thread.run(Thread.java:1583) ~[na:na]
Caused by: com.mysql.cj.exceptions.CJCommunicationsException: Communications link failure

The last packet sent successfully to the server was 0 milliseconds ago. The driver has not received any packets from the server.
	at java.base/jdk.internal.reflect.DirectConstructorHandleAccessor.newInstance(DirectConstructorHandleAccessor.java:62) ~[na:na]
	at java.base/java.lang.reflect.Constructor.newInstanceWithCaller(Constructor.java:502) ~[na:na]
	at java.base/java.lang.reflect.Constructor.newInstance(Constructor.java:486) ~[na:na]
	at com.mysql.cj.exceptions.ExceptionFactory.createException(ExceptionFactory.java:52) ~[mysql-connector-j-9.4.0.jar:9.4.0]
	at com.mysql.cj.exceptions.ExceptionFactory.createException(ExceptionFactory.java:95) ~[mysql-connector-j-9.4.0.jar:9.4.0]
	at com.mysql.cj.exceptions.ExceptionFactory.createException(ExceptionFactory.java:140) ~[mysql-connector-j-9.4.0.jar:9.4.0]
	at com.mysql.cj.exceptions.ExceptionFactory.createCommunicationsException(ExceptionFactory.java:156) ~[mysql-connector-j-9.4.0.jar:9.4.0]
	at com.mysql.cj.protocol.a.NativeProtocol.readMessage(NativeProtocol.java:592) ~[mysql-connector-j-9.4.0.jar:9.4.0]
	at com.mysql.cj.protocol.a.NativeProtocol.readServerCapabilities(NativeProtocol.java:516) ~[mysql-connector-j-9.4.0.jar:9.4.0]
	at com.mysql.cj.protocol.a.NativeProtocol.beforeHandshake(NativeProtocol.java:411) ~[mysql-connector-j-9.4.0.jar:9.4.0]
	at com.mysql.cj.protocol.a.NativeProtocol.connect(NativeProtocol.java:1331) ~[mysql-connector-j-9.4.0.jar:9.4.0]
	at com.mysql.cj.NativeSession.connect(NativeSession.java:155) ~[mysql-connector-j-9.4.0.jar:9.4.0]
	at com.mysql.cj.jdbc.ConnectionImpl.connectOneTryOnly(ConnectionImpl.java:963) ~[mysql-connector-j-9.4.0.jar:9.4.0]
	at com.mysql.cj.jdbc.ConnectionImpl.createNewIO(ConnectionImpl.java:827) ~[mysql-connector-j-9.4.0.jar:9.4.0]
	... 13 common frames omitted
Caused by: java.net.SocketTimeoutException: Read timed out
	at java.base/sun.nio.ch.NioSocketImpl.timedRead(NioSocketImpl.java:278) ~[na:na]
	at java.base/sun.nio.ch.NioSocketImpl.implRead(NioSocketImpl.java:304) ~[na:na]
	at java.base/sun.nio.ch.NioSocketImpl.read(NioSocketImpl.java:346) ~[na:na]
	at java.base/sun.nio.ch.NioSocketImpl$1.read(NioSocketImpl.java:796) ~[na:na]
	at java.base/java.net.Socket$SocketInputStream.read(Socket.java:1099) ~[na:na]
	at com.mysql.cj.protocol.ReadAheadInputStream.fill(ReadAheadInputStream.java:91) ~[mysql-connector-j-9.4.0.jar:9.4.0]
	at com.mysql.cj.protocol.ReadAheadInputStream.readFromUnderlyingStreamIfNecessary(ReadAheadInputStream.java:130) ~[mysql-connector-j-9.4.0.jar:9.4.0]
	at com.mysql.cj.protocol.ReadAheadInputStream.read(ReadAheadInputStream.java:157) ~[mysql-connector-j-9.4.0.jar:9.4.0]
	at java.base/java.io.FilterInputStream.read(FilterInputStream.java:119) ~[na:na]
	at com.mysql.cj.protocol.FullReadInputStream.readFully(FullReadInputStream.java:55) ~[mysql-connector-j-9.4.0.jar:9.4.0]
	at com.mysql.cj.protocol.a.SimplePacketReader.readHeaderLocal(SimplePacketReader.java:72) ~[mysql-connector-j-9.4.0.jar:9.4.0]
	at com.mysql.cj.protocol.a.SimplePacketReader.readHeader(SimplePacketReader.java:54) ~[mysql-connector-j-9.4.0.jar:9.4.0]
	at com.mysql.cj.protocol.a.SimplePacketReader.readHeader(SimplePacketReader.java:36) ~[mysql-connector-j-9.4.0.jar:9.4.0]
	at com.mysql.cj.protocol.a.NativeProtocol.readMessage(NativeProtocol.java:586) ~[mysql-connector-j-9.4.0.jar:9.4.0]
	... 19 common frames omitted

2025-12-28T17:20:47.847+01:00  WARN 22324 --- [user-service] [axon-connector-22324@DESKTOP-6GLV26S-0] i.a.a.c.impl.AxonServerManagedChannel    : Connecting to AxonServer node [localhost:8125] failed: DEADLINE_EXCEEDED: CallOptions deadline exceeded after 4.999214500s. Name resolution delay 0.000256800 seconds. [closed=[], open=[[buffered_nanos=5014303600, waiting_for_connection]]]
2025-12-28T17:20:47.847+01:00  INFO 22324 --- [user-service] [axon-connector-22324@DESKTOP-6GLV26S-0] i.a.a.c.impl.AxonServerManagedChannel    : Failed to get connection to AxonServer. Scheduling a reconnect in 2000ms
2025-12-28T17:20:49.861+01:00  INFO 22324 --- [user-service] [axon-connector-22324@DESKTOP-6GLV26S-1] i.a.a.c.impl.AxonServerManagedChannel    : Requesting connection details from localhost:8125
2025-12-28T17:20:54.865+01:00  WARN 22324 --- [user-service] [axon-connector-22324@DESKTOP-6GLV26S-1] i.a.a.c.impl.AxonServerManagedChannel    : Connecting to AxonServer node [localhost:8125] failed: DEADLINE_EXCEEDED: CallOptions deadline exceeded after 4.999324300s. Name resolution delay 0.000199500 seconds. [closed=[], open=[[buffered_nanos=5001829500, waiting_for_connection]]]
2025-12-28T17:20:54.865+01:00  INFO 22324 --- [user-service] [axon-connector-22324@DESKTOP-6GLV26S-1] i.a.a.c.impl.AxonServerManagedChannel    : Failed to get connection to AxonServer. Scheduling a reconnect in 2000ms
